,BEGIN_YEARMONTH,Day,BEGIN_TIME,END_YEARMONTH,END_DAY,END_TIME,EVENT_ID,STATE,YEAR,EVENT_TYPE,CZ_TYPE,CZ_FIPS,BEGIN_DATE_TIME,CZ_TIMEZONE,END_DATE_TIME,INJURIES_DIRECT,INJURIES_INDIRECT,DEATHS_DIRECT,DEATHS_INDIRECT,DAMAGE_PROPERTY,DAMAGE_CROPS,MAGNITUDE,TOR_LENGTH,TOR_WIDTH,BEGIN_RANGE,END_RANGE,BEGIN_LAT,BEGIN_LON,Year,Month
45,199103,27,1720,199103,27,1720,10054181,MICHIGAN,1991,Hail,C,165,27-MAR-91 17:20:00,CST,27-MAR-91 17:20:00,0,0,0,0,0,0,1.75,0.0,0,0,0,44.25,-85.4,1991,3
48,199103,27,1850,199103,27,1850,10055299,MICHIGAN,1991,Thunderstorm Wind,C,149,27-MAR-91 18:50:00,CST,27-MAR-91 18:50:00,0,0,0,0,0,0,0.0,0.0,0,0,0,42.02,-85.45,1991,3
100,199104,9,1400,199104,9,1400,10055341,MICHIGAN,1991,Hail,C,25,09-APR-91 14:00:00,CST,09-APR-91 14:00:00,0,0,0,0,0,0,1.75,0.0,0,0,0,42.27,-84.95,1991,4
174,199105,13,1522,199105,13,1522,10051956,MICHIGAN,1991,Thunderstorm Wind,C,163,13-MAY-91 15:22:00,CST,13-MAY-91 15:22:00,0,0,0,0,0,0,52.0,0.0,0,0,0,42.2,-83.3,1991,5
189,199108,17,1725,199108,17,1725,10053610,MICHIGAN,1991,Tornado,C,155,17-AUG-91 17:25:00,EST,17-AUG-91 17:25:00,0,0,0,0,0K,0,0.0,1.0,20,0,0,43.1,-83.95,1991,8
535,199107,7,1915,199107,7,1915,10053579,MICHIGAN,1991,Thunderstorm Wind,C,147,07-JUL-91 19:15:00,CST,07-JUL-91 19:15:00,0,0,0,0,0,0,52.0,0.0,0,0,0,42.85,-82.7,1991,7
536,199107,7,1915,199107,7,1915,10053580,MICHIGAN,1991,Thunderstorm Wind,C,147,07-JUL-91 19:15:00,CST,07-JUL-91 19:15:00,0,0,0,0,0,0,52.0,0.0,0,0,0,42.72,-82.48,1991,7
537,199107,7,1915,199107,7,1915,10053581,MICHIGAN,1991,Thunderstorm Wind,C,125,07-JUL-91 19:15:00,CST,07-JUL-91 19:15:00,0,0,0,0,0,0,52.0,0.0,0,0,0,42.67,-83.38,1991,7
538,199107,7,1920,199107,7,1920,10053582,MICHIGAN,1991,Thunderstorm Wind,C,99,07-JUL-91 19:20:00,CST,07-JUL-91 19:20:00,0,0,0,0,0,0,63.0,0.0,0,0,0,42.68,-82.92,1991,7
539,199107,7,1920,199107,7,1920,10053583,MICHIGAN,1991,Thunderstorm Wind,C,163,07-JUL-91 19:20:00,CST,07-JUL-91 19:20:00,0,0,0,0,0,0,52.0,0.0,0,0,0,42.38,-82.88,1991,7
540,199107,7,1920,199107,7,1920,10053584,MICHIGAN,1991,Thunderstorm Wind,C,91,07-JUL-91 19:20:00,CST,07-JUL-91 19:20:00,0,0,0,0,0,0,52.0,0.0,0,0,0,41.83,-83.87,1991,7
541,199107,7,1920,199107,7,1920,10053585,MICHIGAN,1991,Thunderstorm Wind,C,151,07-JUL-91 19:20:00,CST,07-JUL-91 19:20:00,0,0,0,0,0,0,0.0,0.0,0,0,0,43.33,-83.08,1991,7
542,199107,7,1930,199107,7,1930,10053586,MICHIGAN,1991,Thunderstorm Wind,C,115,07-JUL-91 19:30:00,CST,07-JUL-91 19:30:00,0,0,0,0,0,0,52.0,0.0,0,0,0,41.95,-83.65,1991,7
543,199107,7,1930,199107,7,1930,10053587,MICHIGAN,1991,Thunderstorm Wind,C,163,07-JUL-91 19:30:00,CST,07-JUL-91 19:30:00,0,0,0,0,0,0,52.0,0.0,0,0,0,42.08,-83.27,1991,7
544,199107,16,2200,199107,16,2200,10053589,MICHIGAN,1991,Thunderstorm Wind,C,61,16-JUL-91 22:00:00,CST,16-JUL-91 22:00:00,0,0,0,0,0,0,61.0,0.0,0,0,0,47.03,-88.53,1991,7
545,199107,17,215,199107,17,215,10053590,MICHIGAN,1991,Thunderstorm Wind,C,47,17-JUL-91 02:15:00,CST,17-JUL-91 02:15:00,0,0,0,0,0,0,60.0,0.0,0,0,0,45.55,-84.77,1991,7
546,199107,22,1110,199107,22,1110,10053591,MICHIGAN,1991,Thunderstorm Wind,C,125,22-JUL-91 11:10:00,CST,22-JUL-91 11:10:00,0,0,0,0,0,0,0.0,0.0,0,0,0,42.67,-83.38,1991,7
547,199107,22,1127,199107,22,1127,10053592,MICHIGAN,1991,Thunderstorm Wind,C,99,22-JUL-91 11:27:00,CST,22-JUL-91 11:27:00,0,0,0,0,0,0,53.0,0.0,0,0,0,42.58,-82.87,1991,7
695,199103,27,1820,199103,27,1820,10055280,MICHIGAN,1991,Thunderstorm Wind,C,135,27-MAR-91 18:20:00,CST,27-MAR-91 18:20:00,0,0,0,0,0,0,0.0,0.0,0,0,0,44.72,-84.07,1991,3
696,199103,27,1820,199103,27,1820,10055281,MICHIGAN,1991,Thunderstorm Wind,C,67,27-MAR-91 18:20:00,CST,27-MAR-91 18:20:00,0,0,0,0,0,0,0.0,0.0,0,0,0,43.1,-85.18,1991,3
697,199103,27,1820,199103,27,1820,10055282,MICHIGAN,1991,Thunderstorm Wind,C,117,27-MAR-91 18:20:00,CST,27-MAR-91 18:20:00,0,0,0,0,0,0,0.0,0.0,0,0,0,43.4,-84.92,1991,3
698,199103,27,1825,199103,27,1825,10055283,MICHIGAN,1991,Hail,C,77,27-MAR-91 18:25:00,CST,27-MAR-91 18:25:00,0,0,0,0,0,0,4.5,0.0,0,0,0,42.2,-85.57,1991,3
711,199106,14,1555,199106,14,1555,10053079,MICHIGAN,1991,Tornado,C,75,14-JUN-91 15:55:00,EST,14-JUN-91 15:55:00,1,0,0,0,25K,0,0.0,1.0,30,0,0,42.42,-84.37,1991,6
712,199106,14,1610,199106,14,1610,10053080,MICHIGAN,1991,Thunderstorm Wind,C,127,14-JUN-91 16:10:00,CST,14-JUN-91 16:10:00,0,0,0,0,0,0,0.0,0.0,0,0,0,43.65,-86.28,1991,6
807,199107,22,2055,199107,22,2055,10053593,MICHIGAN,1991,Thunderstorm Wind,C,25,22-JUL-91 20:55:00,CST,22-JUL-91 20:55:00,0,0,0,0,0,0,0.0,0.0,0,0,0,42.27,-85.05,1991,7
808,199107,22,2218,199107,22,2218,10053594,MICHIGAN,1991,Thunderstorm Wind,C,161,22-JUL-91 22:18:00,CST,22-JUL-91 22:18:00,0,0,0,0,0,0,52.0,0.0,0,0,0,42.23,-83.62,1991,7
809,199107,28,1910,199107,28,1910,10053595,MICHIGAN,1991,Hail,C,151,28-JUL-91 19:10:00,CST,28-JUL-91 19:10:00,0,0,0,0,0,0,0.75,0.0,0,0,0,43.42,-82.83,1991,7
838,199107,7,1900,199107,7,1900,10052503,MICHIGAN,1991,Tornado,C,125,07-JUL-91 19:00:00,EST,07-JUL-91 19:00:00,0,0,0,0,250K,0,0.0,2.5,50,0,0,42.63,-83.6,1991,7
839,199108,17,1745,199108,17,1745,10053611,MICHIGAN,1991,Thunderstorm Wind,C,49,17-AUG-91 17:45:00,CST,17-AUG-91 17:45:00,0,0,0,0,0,0,0.0,0.0,0,0,0,43.18,-83.87,1991,8
840,199108,17,1835,199108,17,1835,10053612,MICHIGAN,1991,Thunderstorm Wind,C,49,17-AUG-91 18:35:00,CST,17-AUG-91 18:35:00,0,0,0,0,0,0,0.0,0.0,0,0,0,43.03,-83.92,1991,8
841,199109,3,1720,199109,3,1720,10053613,MICHIGAN,1991,Thunderstorm Wind,C,161,03-SEP-91 17:20:00,CST,03-SEP-91 17:20:00,0,0,0,0,0,0,50.0,0.0,0,0,0,42.28,-83.73,1991,9
842,199109,3,1830,199109,3,1830,10053614,MICHIGAN,1991,Thunderstorm Wind,C,163,03-SEP-91 18:30:00,CST,03-SEP-91 18:30:00,0,0,0,0,0,0,0.0,0.0,0,0,0,42.33,-83.07,1991,9
843,199109,9,1830,199109,9,1830,10053615,MICHIGAN,1991,Thunderstorm Wind,C,127,09-SEP-91 18:30:00,CST,09-SEP-91 18:30:00,0,0,0,0,0,0,0.0,0.0,0,0,0,43.77,-86.22,1991,9
844,199109,9,1840,199109,9,1840,10053616,MICHIGAN,1991,Hail,C,127,09-SEP-91 18:40:00,CST,09-SEP-91 18:40:00,0,0,0,0,0,0,0.75,0.0,0,0,0,43.65,-86.5,1991,9
845,199109,9,1840,199109,9,1840,10053617,MICHIGAN,1991,Thunderstorm Wind,C,121,09-SEP-91 18:40:00,CST,09-SEP-91 18:40:00,0,0,0,0,0,0,0.0,0.0,0,0,0,43.4,-86.35,1991,9
846,199109,9,1930,199109,9,1930,10053618,MICHIGAN,1991,Thunderstorm Wind,C,47,09-SEP-91 19:30:00,CST,09-SEP-91 19:30:00,0,0,0,0,0,0,0.0,0.0,0,0,0,45.37,-84.93,1991,9
847,199109,9,1930,199109,9,1930,10053619,MICHIGAN,1991,Thunderstorm Wind,C,29,09-SEP-91 19:30:00,CST,09-SEP-91 19:30:00,0,0,0,0,0,0,0.0,0.0,0,0,0,45.18,-84.97,1991,9
848,199109,9,2001,199109,9,2001,10053621,MICHIGAN,1991,Thunderstorm Wind,C,81,09-SEP-91 20:01:00,CST,09-SEP-91 20:01:00,0,0,0,0,0,0,56.0,0.0,0,0,0,42.97,-85.68,1991,9
849,199109,9,2001,199109,9,2001,10053622,MICHIGAN,1991,Thunderstorm Wind,C,139,09-SEP-91 20:01:00,CST,09-SEP-91 20:01:00,0,0,0,0,0,0,56.0,0.0,0,0,0,42.97,-85.68,1991,9
850,199109,9,2014,199109,9,2014,10053623,MICHIGAN,1991,Thunderstorm Wind,C,81,09-SEP-91 20:14:00,CST,09-SEP-91 20:14:00,0,0,0,0,0,0,56.0,0.0,0,0,0,43.12,-85.58,1991,9
851,199109,9,2020,199109,9,2020,10053624,MICHIGAN,1991,Thunderstorm Wind,C,31,09-SEP-91 20:20:00,CST,09-SEP-91 20:20:00,0,0,0,0,0,0,0.0,0.0,0,0,0,45.47,-84.62,1991,9
852,199109,9,2023,199109,9,2023,10053625,MICHIGAN,1991,Thunderstorm Wind,C,31,09-SEP-91 20:23:00,CST,09-SEP-91 20:23:00,0,0,0,0,0,0,0.0,0.0,0,0,0,45.42,-84.32,1991,9
853,199109,9,2025,199109,9,2025,10053626,MICHIGAN,1991,Thunderstorm Wind,C,141,09-SEP-91 20:25:00,CST,09-SEP-91 20:25:00,0,0,0,0,0,0,0.0,0.0,0,0,0,45.4,-84.23,1991,9
854,199109,9,2034,199109,9,2034,10053627,MICHIGAN,1991,Thunderstorm Wind,C,47,09-SEP-91 20:34:00,CST,09-SEP-91 20:34:00,0,0,0,0,0,0,60.0,0.0,0,0,0,45.57,-84.8,1991,9
1863,199105,13,1605,199105,13,1605,10051957,MICHIGAN,1991,Hail,C,163,13-MAY-91 16:05:00,CST,13-MAY-91 16:05:00,0,0,0,0,0,0,0.75,0.0,0,0,0,42.22,-83.35,1991,5
1864,199105,24,1030,199105,24,1030,10051958,MICHIGAN,1991,Thunderstorm Wind,C,125,24-MAY-91 10:30:00,CST,24-MAY-91 10:30:00,2,0,0,0,0,0,0.0,0.0,0,0,0,42.68,-83.13,1991,5
1865,199105,24,1100,199105,24,1100,10051959,MICHIGAN,1991,Thunderstorm Wind,C,49,24-MAY-91 11:00:00,CST,24-MAY-91 11:00:00,0,0,0,0,0,0,0.0,0.0,0,0,0,43.02,-83.68,1991,5
1866,199105,28,1315,199105,28,1315,10051960,MICHIGAN,1991,Thunderstorm Wind,C,109,28-MAY-91 13:15:00,CST,28-MAY-91 13:15:00,0,0,0,0,0,0,0.0,0.0,0,0,0,45.55,-87.53,1991,5
1867,199105,28,1330,199105,28,1330,10051961,MICHIGAN,1991,Tornado,C,109,28-MAY-91 13:30:00,EST,28-MAY-91 13:30:00,0,0,0,0,250K,0,0.0,12.0,80,0,0,45.7,-87.78,1991,5
1868,199105,28,1330,199105,28,1330,10051962,MICHIGAN,1991,Tornado,C,109,28-MAY-91 13:30:00,EST,28-MAY-91 13:30:00,0,0,0,0,250K,0,0.0,10.0,150,0,0,45.48,-87.73,1991,5
1869,199105,28,1515,199105,28,1515,10051963,MICHIGAN,1991,Thunderstorm Wind,C,137,28-MAY-91 15:15:00,CST,28-MAY-91 15:15:00,0,0,0,0,0,0,0.0,0.0,0,0,0,45.15,-84.67,1991,5
2491,199104,9,1542,199104,9,1542,10051947,MICHIGAN,1991,Hail,C,163,09-APR-91 15:42:00,CST,09-APR-91 15:42:00,0,0,0,0,0,0,1.0,0.0,0,0,0,42.32,-83.1,1991,4
2492,199104,9,1542,199104,9,1542,10051948,MICHIGAN,1991,Thunderstorm Wind,C,163,09-APR-91 15:42:00,CST,09-APR-91 15:42:00,0,0,0,0,0,0,52.0,0.0,0,0,0,42.18,-83.18,1991,4
2493,199104,22,1430,199104,22,1430,10051949,MICHIGAN,1991,Thunderstorm Wind,C,77,22-APR-91 14:30:00,CST,22-APR-91 14:30:00,0,0,0,0,0,0,0.0,0.0,0,0,0,42.28,-85.57,1991,4
2494,199104,23,1625,199104,23,1625,10051950,MICHIGAN,1991,Tornado,C,23,23-APR-91 16:25:00,EST,23-APR-91 16:25:00,0,0,0,0,2.5K,0,0.0,0.5,10,0,0,41.88,-85.0,1991,4
2495,199104,27,1850,199104,27,1850,10051951,MICHIGAN,1991,Thunderstorm Wind,C,67,27-APR-91 18:50:00,CST,27-APR-91 18:50:00,0,0,0,0,0,0,0.0,0.0,0,0,0,42.93,-85.08,1991,4
2496,199105,12,1530,199105,12,1530,10051952,MICHIGAN,1991,Thunderstorm Wind,C,99,12-MAY-91 15:30:00,CST,12-MAY-91 15:30:00,0,0,0,0,0,0,61.0,0.0,0,0,0,42.6,-82.83,1991,5
2497,199105,13,1230,199105,13,1230,10051953,MICHIGAN,1991,Thunderstorm Wind,C,17,13-MAY-91 12:30:00,CST,13-MAY-91 12:30:00,0,0,0,0,0,0,0.0,0.0,0,0,0,43.58,-83.92,1991,5
2498,199105,13,1430,199105,13,1430,10051955,MICHIGAN,1991,Thunderstorm Wind,C,161,13-MAY-91 14:30:00,CST,13-MAY-91 14:30:00,0,0,0,0,0,0,52.0,0.0,0,0,0,42.08,-83.67,1991,5
2499,199103,27,1820,199103,27,1820,10055069,MICHIGAN,1991,Tornado,C,69,27-MAR-91 18:20:00,EST,27-MAR-91 18:20:00,0,0,0,0,2.5M,0,0.0,10.0,100,0,0,44.38,-83.9,1991,3
2500,199103,27,1820,199103,27,1820,10055070,MICHIGAN,1991,Tornado,C,129,27-MAR-91 18:20:00,EST,27-MAR-91 18:20:00,0,0,0,0,2.5M,0,0.0,7.0,100,0,0,44.48,-84.05,1991,3
2731,199107,1,1925,199107,1,1925,10053121,MICHIGAN,1991,Thunderstorm Wind,C,149,01-JUL-91 19:25:00,CST,01-JUL-91 19:25:00,0,0,0,0,0,0,0.0,0.0,0,0,0,41.92,-85.53,1991,7
2732,199107,3,1120,199107,3,1120,10053122,MICHIGAN,1991,Thunderstorm Wind,C,165,03-JUL-91 11:20:00,CST,03-JUL-91 11:20:00,0,0,0,0,0,0,0.0,0.0,0,0,0,44.32,-85.48,1991,7
2733,199107,3,1230,199107,3,1230,10053123,MICHIGAN,1991,Hail,C,155,03-JUL-91 12:30:00,CST,03-JUL-91 12:30:00,0,0,0,0,0,0,1.75,0.0,0,0,0,43.05,-83.98,1991,7
2734,199107,3,1240,199107,3,1240,10053124,MICHIGAN,1991,Thunderstorm Wind,C,129,03-JUL-91 12:40:00,CST,03-JUL-91 12:40:00,0,0,0,0,0,0,0.0,0.0,0,0,0,44.28,-84.22,1991,7
2870,199107,3,1330,199107,3,1330,10053127,MICHIGAN,1991,Hail,C,91,03-JUL-91 13:30:00,CST,03-JUL-91 13:30:00,0,0,0,0,0,0,0.88,0.0,0,0,0,41.72,-84.27,1991,7
2871,199107,3,1540,199107,3,1540,10053136,MICHIGAN,1991,Thunderstorm Wind,C,157,03-JUL-91 15:40:00,CST,03-JUL-91 15:40:00,0,0,0,0,0,0,0.0,0.0,0,0,0,43.48,-83.4,1991,7
2872,199107,3,1630,199107,3,1630,10053137,MICHIGAN,1991,Hail,C,105,03-JUL-91 16:30:00,CST,03-JUL-91 16:30:00,0,0,0,0,0,0,1.0,0.0,0,0,0,43.92,-86.43,1991,7
2873,199107,3,1630,199107,3,1630,10053138,MICHIGAN,1991,Thunderstorm Wind,C,121,03-JUL-91 16:30:00,CST,03-JUL-91 16:30:00,0,0,0,0,0,0,0.0,0.0,0,0,0,43.23,-86.23,1991,7
2874,199107,3,1346,199107,3,1346,10053128,MICHIGAN,1991,Thunderstorm Wind,C,49,03-JUL-91 13:46:00,CST,03-JUL-91 13:46:00,0,0,0,0,0,0,0.0,0.0,0,0,0,43.12,-83.88,1991,7
2875,199107,3,1350,199107,3,1350,10053129,MICHIGAN,1991,Thunderstorm Wind,C,155,03-JUL-91 13:50:00,CST,03-JUL-91 13:50:00,0,0,0,0,0,0,61.0,0.0,0,0,0,43.12,-83.97,1991,7
2876,199107,3,1400,199107,3,1400,10053130,MICHIGAN,1991,Thunderstorm Wind,C,129,03-JUL-91 14:00:00,CST,03-JUL-91 14:00:00,0,0,0,0,0,0,0.0,0.0,0,0,0,44.28,-84.22,1991,7
2877,199107,3,1400,199107,3,1400,10053131,MICHIGAN,1991,Thunderstorm Wind,C,91,03-JUL-91 14:00:00,CST,03-JUL-91 14:00:00,1,0,0,0,0,0,61.0,0.0,0,0,0,41.9,-84.03,1991,7
2878,199107,3,1404,199107,3,1404,10053132,MICHIGAN,1991,Hail,C,49,03-JUL-91 14:04:00,CST,03-JUL-91 14:04:00,0,0,0,0,0,0,1.75,0.0,0,0,0,43.07,-83.83,1991,7
2879,199107,3,1420,199107,3,1420,10053133,MICHIGAN,1991,Hail,C,91,03-JUL-91 14:20:00,CST,03-JUL-91 14:20:00,0,0,0,0,0,0,1.75,0.0,0,0,0,42.0,-83.93,1991,7
2880,199107,3,1430,199107,3,1430,10053134,MICHIGAN,1991,Hail,C,161,03-JUL-91 14:30:00,CST,03-JUL-91 14:30:00,0,0,0,0,0,0,0.88,0.0,0,0,0,42.12,-83.77,1991,7
2881,199107,3,1530,199107,3,1530,10053135,MICHIGAN,1991,Thunderstorm Wind,C,117,03-JUL-91 15:30:00,CST,03-JUL-91 15:30:00,0,0,0,0,0,0,0.0,0.0,0,0,0,43.25,-83.38,1991,7
2882,199107,3,1630,199107,3,1630,10053139,MICHIGAN,1991,Thunderstorm Wind,C,127,03-JUL-91 16:30:00,CST,03-JUL-91 16:30:00,0,0,0,0,0,0,0.0,0.0,0,0,0,43.65,-86.28,1991,7
2883,199107,3,1700,199107,3,1700,10053140,MICHIGAN,1991,Hail,C,49,03-JUL-91 17:00:00,CST,03-JUL-91 17:00:00,0,0,0,0,0,0,1.75,0.0,0,0,0,43.15,-83.83,1991,7
2884,199107,3,1707,199107,3,1707,10053141,MICHIGAN,1991,Thunderstorm Wind,C,157,03-JUL-91 17:07:00,CST,03-JUL-91 17:07:00,0,0,0,0,0,0,0.0,0.0,0,0,0,43.37,-83.58,1991,7
2885,199107,6,1440,199107,6,1440,10053142,MICHIGAN,1991,Hail,C,7,06-JUL-91 14:40:00,CST,06-JUL-91 14:40:00,0,0,0,0,0,0,1.0,0.0,0,0,0,45.03,-83.57,1991,7
2886,199107,6,1500,199107,6,1500,10053143,MICHIGAN,1991,Hail,C,141,06-JUL-91 15:00:00,CST,06-JUL-91 15:00:00,0,0,0,0,0,0,1.75,0.0,0,0,0,45.2,-83.63,1991,7
2887,199107,6,1530,199107,6,1530,10053144,MICHIGAN,1991,Hail,C,7,06-JUL-91 15:30:00,CST,06-JUL-91 15:30:00,0,0,0,0,0,0,1.5,0.0,0,0,0,45.03,-83.57,1991,7
2888,199107,6,1600,199107,6,1600,10053145,MICHIGAN,1991,Hail,C,141,06-JUL-91 16:00:00,CST,06-JUL-91 16:00:00,0,0,0,0,0,0,1.0,0.0,0,0,0,45.2,-83.63,1991,7
2939,199105,29,2145,199105,29,2145,10052000,MICHIGAN,1991,Thunderstorm Wind,C,11,29-MAY-91 21:45:00,CST,29-MAY-91 21:45:00,0,0,0,0,0,0,0.0,0.0,0,0,0,43.98,-83.97,1991,5
2940,199105,29,2205,199105,29,2205,10052001,MICHIGAN,1991,Thunderstorm Wind,C,51,29-MAY-91 22:05:00,CST,29-MAY-91 22:05:00,0,0,0,0,0,0,0.0,0.0,0,0,0,44.1,-84.32,1991,5
2941,199105,29,2255,199105,29,2255,10052002,MICHIGAN,1991,Thunderstorm Wind,C,129,29-MAY-91 22:55:00,CST,29-MAY-91 22:55:00,0,0,0,0,0,0,0.0,0.0,0,0,0,44.28,-84.22,1991,5
2942,199105,30,1844,199105,30,1844,10052003,MICHIGAN,1991,Tornado,C,139,30-MAY-91 18:44:00,EST,30-MAY-91 18:44:00,0,0,0,0,2.5K,0,0.0,0.4,30,0,0,43.07,-86.18,1991,5
2943,199105,30,1900,199105,30,1900,10052004,MICHIGAN,1991,Thunderstorm Wind,C,139,30-MAY-91 19:00:00,CST,30-MAY-91 19:00:00,0,0,0,0,0,0,0.0,0.0,0,0,0,42.95,-86.0,1991,5
2944,199105,31,1550,199105,31,1550,10052006,MICHIGAN,1991,Hail,C,21,31-MAY-91 15:50:00,CST,31-MAY-91 15:50:00,0,0,0,0,0,0,1.75,0.0,0,0,0,42.1,-86.48,1991,5
2945,199105,31,1550,199105,31,1550,10052007,MICHIGAN,1991,Thunderstorm Wind,C,21,31-MAY-91 15:50:00,CST,31-MAY-91 15:50:00,0,0,0,0,0,0,0.0,0.0,0,0,0,41.83,-86.25,1991,5
2946,199105,31,1635,199105,31,1635,10052008,MICHIGAN,1991,Thunderstorm Wind,C,27,31-MAY-91 16:35:00,CST,31-MAY-91 16:35:00,0,0,0,0,0,0,0.0,0.0,0,0,0,41.8,-86.08,1991,5
2947,199105,31,1655,199105,31,1655,10052009,MICHIGAN,1991,Thunderstorm Wind,C,145,31-MAY-91 16:55:00,CST,31-MAY-91 16:55:00,0,0,0,0,0,0,0.0,0.0,0,0,0,43.42,-83.97,1991,5
2948,199105,31,1715,199105,31,1715,10052010,MICHIGAN,1991,Thunderstorm Wind,C,145,31-MAY-91 17:15:00,CST,31-MAY-91 17:15:00,0,0,0,0,0,0,0.0,0.0,0,0,0,43.42,-84.05,1991,5
2949,199105,31,1815,199105,31,1815,10052011,MICHIGAN,1991,Hail,C,147,31-MAY-91 18:15:00,CST,31-MAY-91 18:15:00,0,0,0,0,0,0,0.75,0.0,0,0,0,43.02,-82.92,1991,5
2950,199105,31,1820,199105,31,1820,10052012,MICHIGAN,1991,Thunderstorm Wind,C,161,31-MAY-91 18:20:00,CST,31-MAY-91 18:20:00,0,0,1,0,0,0,52.0,0.0,0,0,0,42.4,-83.57,1991,5
2951,199105,31,1825,199105,31,1825,10052013,MICHIGAN,1991,Thunderstorm Wind,C,99,31-MAY-91 18:25:00,CST,31-MAY-91 18:25:00,0,0,0,0,0,0,52.0,0.0,0,0,0,42.9,-82.75,1991,5
3211,199105,29,645,199105,29,645,10051993,MICHIGAN,1991,Thunderstorm Wind,C,137,29-MAY-91 06:45:00,CST,29-MAY-91 06:45:00,0,0,0,0,0,0,53.0,0.0,0,0,0,45.03,-84.68,1991,5
3212,199105,29,648,199105,29,648,10051994,MICHIGAN,1991,Thunderstorm Wind,C,69,29-MAY-91 06:48:00,CST,29-MAY-91 06:48:00,0,0,0,0,0,0,52.0,0.0,0,0,0,44.43,-83.37,1991,5
3213,199105,29,1730,199105,29,1730,10051995,MICHIGAN,1991,Hail,C,145,29-MAY-91 17:30:00,CST,29-MAY-91 17:30:00,0,0,0,0,0,0,0.75,0.0,0,0,0,43.37,-83.9,1991,5
3214,199105,29,1800,199105,29,1800,10051996,MICHIGAN,1991,Thunderstorm Wind,C,17,29-MAY-91 18:00:00,CST,29-MAY-91 18:00:00,0,0,0,0,0,0,0.0,0.0,0,0,0,43.6,-83.88,1991,5
3215,199105,29,1845,199105,29,1845,10051997,MICHIGAN,1991,Thunderstorm Wind,C,145,29-MAY-91 18:45:00,CST,29-MAY-91 18:45:00,0,0,0,0,0,0,0.0,0.0,0,0,0,43.33,-83.75,1991,5
3216,199105,29,2100,199105,29,2100,10051998,MICHIGAN,1991,Thunderstorm Wind,C,111,29-MAY-91 21:00:00,CST,29-MAY-91 21:00:00,0,0,0,0,0,0,0.0,0.0,0,0,0,43.62,-84.23,1991,5
3217,199105,29,2100,199105,29,2100,10051999,MICHIGAN,1991,Thunderstorm Wind,C,111,29-MAY-91 21:00:00,CST,29-MAY-91 21:00:00,0,0,0,0,0,0,52.0,0.0,0,0,0,43.75,-84.58,1991,5
3250,199103,27,1815,199103,27,1815,10054209,MICHIGAN,1991,Thunderstorm Wind,C,111,27-MAR-91 18:15:00,CST,27-MAR-91 18:15:00,0,0,0,0,0,0,0.0,0.0,0,0,0,43.77,-84.33,1991,3
3256,199107,6,2100,199107,6,2100,10052442,MICHIGAN,1991,Thunderstorm Wind,C,37,06-JUL-91 21:00:00,CST,06-JUL-91 21:00:00,0,0,0,0,0,0,0.0,0.0,0,0,0,43.0,-84.57,1991,7
3257,199107,6,2127,199107,6,2127,10052443,MICHIGAN,1991,Hail,C,145,06-JUL-91 21:27:00,CST,06-JUL-91 21:27:00,0,0,0,0,0,0,1.5,0.0,0,0,0,43.18,-84.12,1991,7
3258,199107,6,2145,199107,6,2145,10052444,MICHIGAN,1991,Thunderstorm Wind,C,49,06-JUL-91 21:45:00,CST,06-JUL-91 21:45:00,0,0,0,0,0,0,0.0,0.0,0,0,0,43.18,-83.87,1991,7
3259,199107,6,2210,199107,6,2210,10052445,MICHIGAN,1991,Thunderstorm Wind,C,157,06-JUL-91 22:10:00,CST,06-JUL-91 22:10:00,0,0,0,0,0,0,0.0,0.0,0,0,0,43.28,-83.6,1991,7
3260,199107,6,2221,199107,6,2221,10052446,MICHIGAN,1991,Thunderstorm Wind,C,87,06-JUL-91 22:21:00,CST,06-JUL-91 22:21:00,0,0,0,0,0,0,0.0,0.0,0,0,0,43.23,-83.2,1991,7
3261,199107,6,2235,199107,6,2235,10052447,MICHIGAN,1991,Thunderstorm Wind,C,155,06-JUL-91 22:35:00,CST,06-JUL-91 22:35:00,0,0,0,0,0,0,61.0,0.0,0,0,0,42.92,-84.05,1991,7
3262,199107,6,2240,199107,6,2240,10052448,MICHIGAN,1991,Hail,C,151,06-JUL-91 22:40:00,CST,06-JUL-91 22:40:00,0,0,0,0,0,0,1.75,0.0,0,0,0,43.33,-83.02,1991,7
3263,199107,6,2304,199107,6,2304,10052449,MICHIGAN,1991,Thunderstorm Wind,C,49,06-JUL-91 23:04:00,CST,06-JUL-91 23:04:00,0,0,0,0,0,0,60.0,0.0,0,0,0,42.97,-83.75,1991,7
3264,199107,7,1602,199107,7,1602,10052450,MICHIGAN,1991,Thunderstorm Wind,C,121,07-JUL-91 16:02:00,CST,07-JUL-91 16:02:00,0,0,0,0,0,0,0.0,0.0,0,0,0,43.23,-86.23,1991,7
3265,199107,7,1620,199107,7,1620,10052451,MICHIGAN,1991,Hail,C,105,07-JUL-91 16:20:00,CST,07-JUL-91 16:20:00,0,0,0,0,0,0,1.0,0.0,0,0,0,43.92,-86.45,1991,7
3266,199107,7,1620,199107,7,1620,10052452,MICHIGAN,1991,Hail,C,139,07-JUL-91 16:20:00,CST,07-JUL-91 16:20:00,0,0,0,0,0,0,1.0,0.0,0,0,0,42.78,-86.12,1991,7
3267,199107,7,1620,199107,7,1620,10052453,MICHIGAN,1991,Hail,C,139,07-JUL-91 16:20:00,CST,07-JUL-91 16:20:00,0,0,0,0,0,0,1.0,0.0,0,0,0,43.07,-86.23,1991,7
3268,199107,7,1640,199107,7,1640,10052454,MICHIGAN,1991,Thunderstorm Wind,C,139,07-JUL-91 16:40:00,CST,07-JUL-91 16:40:00,0,0,0,0,0,0,52.0,0.0,0,0,0,43.12,-85.85,1991,7
3269,199107,7,1641,199107,7,1641,10052455,MICHIGAN,1991,Thunderstorm Wind,C,139,07-JUL-91 16:41:00,CST,07-JUL-91 16:41:00,0,0,0,0,0,0,57.0,0.0,0,0,0,42.92,-85.87,1991,7
3320,199106,15,1555,199106,15,1555,10053096,MICHIGAN,1991,Thunderstorm Wind,C,49,15-JUN-91 15:55:00,CST,15-JUN-91 15:55:00,0,0,0,0,0,0,66.0,0.0,0,0,0,43.03,-83.68,1991,6
3321,199106,15,1555,199106,15,1555,10053097,MICHIGAN,1991,Thunderstorm Wind,C,23,15-JUN-91 15:55:00,CST,15-JUN-91 15:55:00,0,0,0,0,0,0,52.0,0.0,0,0,0,41.95,-85.0,1991,6
3322,199106,15,1600,199106,15,1600,10053098,MICHIGAN,1991,Thunderstorm Wind,C,75,15-JUN-91 16:00:00,CST,15-JUN-91 16:00:00,0,0,0,0,0,0,0.0,0.0,0,0,0,42.2,-84.55,1991,6
3323,199106,15,1615,199106,15,1615,10053100,MICHIGAN,1991,Thunderstorm Wind,C,93,15-JUN-91 16:15:00,CST,15-JUN-91 16:15:00,0,0,0,0,0,0,60.0,0.0,0,0,0,42.57,-83.77,1991,6
3324,199106,15,1618,199106,15,1618,10053101,MICHIGAN,1991,Thunderstorm Wind,C,59,15-JUN-91 16:18:00,CST,15-JUN-91 16:18:00,0,0,0,0,0,0,0.0,0.0,0,0,0,41.88,-84.53,1991,6
3325,199106,15,1630,199106,15,1630,10053102,MICHIGAN,1991,Thunderstorm Wind,C,161,15-JUN-91 16:30:00,CST,15-JUN-91 16:30:00,0,0,0,0,0,0,52.0,0.0,0,0,0,42.28,-83.73,1991,6
3326,199106,15,1630,199106,15,1630,10053103,MICHIGAN,1991,Thunderstorm Wind,C,161,15-JUN-91 16:30:00,CST,15-JUN-91 16:30:00,0,0,0,0,0,0,52.0,0.0,0,0,0,42.32,-84.02,1991,6
3327,199106,15,1639,199106,15,1639,10053104,MICHIGAN,1991,Thunderstorm Wind,C,163,15-JUN-91 16:39:00,CST,15-JUN-91 16:39:00,0,0,0,0,0,0,52.0,0.0,0,0,0,42.23,-83.53,1991,6
3328,199106,15,1645,199106,15,1645,10053105,MICHIGAN,1991,Thunderstorm Wind,C,87,15-JUN-91 16:45:00,CST,15-JUN-91 16:45:00,0,0,0,0,0,0,0.0,0.0,0,0,0,43.1,-83.23,1991,6
3329,199106,15,1700,199106,15,1700,10053106,MICHIGAN,1991,Thunderstorm Wind,C,151,15-JUN-91 17:00:00,CST,15-JUN-91 17:00:00,0,0,0,0,0,0,0.0,0.0,0,0,0,43.25,-82.82,1991,6
3330,199106,15,1700,199106,15,1700,10053107,MICHIGAN,1991,Thunderstorm Wind,C,151,15-JUN-91 17:00:00,CST,15-JUN-91 17:00:00,0,0,0,0,0,0,0.0,0.0,0,0,0,43.27,-82.62,1991,6
3331,199106,15,1710,199106,15,1710,10053108,MICHIGAN,1991,Thunderstorm Wind,C,163,15-JUN-91 17:10:00,CST,15-JUN-91 17:10:00,0,0,0,0,0,0,0.0,0.0,0,0,0,42.27,-83.2,1991,6
3332,199106,15,1800,199106,15,1800,10053109,MICHIGAN,1991,Thunderstorm Wind,C,115,15-JUN-91 18:00:00,CST,15-JUN-91 18:00:00,0,0,0,0,0,0,0.0,0.0,0,0,0,41.9,-83.45,1991,6
3333,199106,27,425,199106,27,425,10053110,MICHIGAN,1991,Thunderstorm Wind,C,83,27-JUN-91 04:25:00,CST,27-JUN-91 04:25:00,0,0,0,0,0,0,0.0,0.0,0,0,0,47.23,-88.17,1991,6
3334,199106,27,428,199106,27,428,10053111,MICHIGAN,1991,Thunderstorm Wind,C,61,27-JUN-91 04:28:00,CST,27-JUN-91 04:28:00,0,0,0,0,0,0,52.0,0.0,0,0,0,47.12,-88.53,1991,6
3335,199106,27,615,199106,27,615,10053112,MICHIGAN,1991,Hail,C,3,27-JUN-91 06:15:00,CST,27-JUN-91 06:15:00,0,0,0,0,0,0,0.75,0.0,0,0,0,46.67,-85.98,1991,6
3336,199106,27,645,199106,27,645,10053113,MICHIGAN,1991,Thunderstorm Wind,C,95,27-JUN-91 06:45:00,CST,27-JUN-91 06:45:00,0,0,0,0,0,0,0.0,0.0,0,0,0,46.67,-85.6,1991,6
3337,199106,27,650,199106,27,650,10053114,MICHIGAN,1991,Hail,C,33,27-JUN-91 06:50:00,CST,27-JUN-91 06:50:00,0,0,0,0,0,0,0.75,0.0,0,0,0,46.37,-85.03,1991,6
3338,199106,27,1915,199106,27,1915,10053115,MICHIGAN,1991,Hail,C,61,27-JUN-91 19:15:00,CST,27-JUN-91 19:15:00,0,0,0,0,0,0,1.0,0.0,0,0,0,46.5,-88.7,1991,6
3339,199106,27,2035,199106,27,2035,10053116,MICHIGAN,1991,Hail,C,71,27-JUN-91 20:35:00,CST,27-JUN-91 20:35:00,0,0,0,0,0,0,1.75,0.0,0,0,0,46.1,-88.65,1991,6
3340,199106,27,2057,199106,27,2057,10053117,MICHIGAN,1991,Thunderstorm Wind,C,71,27-JUN-91 20:57:00,CST,27-JUN-91 20:57:00,0,0,0,0,0,0,0.0,0.0,0,0,0,46.1,-88.65,1991,6
3341,199107,1,1730,199107,1,1730,10053118,MICHIGAN,1991,Thunderstorm Wind,C,139,01-JUL-91 17:30:00,CST,01-JUL-91 17:30:00,0,0,0,0,0,0,0.0,0.0,0,0,0,42.92,-86.08,1991,7
3342,199107,1,1830,199107,1,1830,10053119,MICHIGAN,1991,Thunderstorm Wind,C,21,01-JUL-91 18:30:00,CST,01-JUL-91 18:30:00,0,0,0,0,0,0,0.0,0.0,0,0,0,42.1,-86.43,1991,7
3343,199107,1,1845,199107,1,1845,10053120,MICHIGAN,1991,Thunderstorm Wind,C,27,01-JUL-91 18:45:00,CST,01-JUL-91 18:45:00,0,0,0,0,0,0,0.0,0.0,0,0,0,41.93,-85.98,1991,7
3392,199103,27,1808,199103,27,1808,10054203,MICHIGAN,1991,Thunderstorm Wind,C,15,27-MAR-91 18:08:00,CST,27-MAR-91 18:08:00,0,0,0,0,0,0,60.0,0.0,0,0,0,42.65,-85.28,1991,3
3393,199103,27,1810,199103,27,1810,10054204,MICHIGAN,1991,Hail,C,77,27-MAR-91 18:10:00,CST,27-MAR-91 18:10:00,0,0,0,0,0,0,1.0,0.0,0,0,0,42.28,-85.68,1991,3
3394,199103,27,1815,199103,27,1815,10054206,MICHIGAN,1991,Tornado,C,129,27-MAR-91 18:15:00,EST,27-MAR-91 18:15:00,0,0,0,0,250K,0,0.0,6.0,100,0,0,44.25,-84.27,1991,3
3395,199103,27,1815,199103,27,1815,10054207,MICHIGAN,1991,Tornado,C,129,27-MAR-91 18:15:00,EST,27-MAR-91 18:15:00,0,0,0,0,2.5M,0,0.0,2.0,100,0,0,44.33,-83.97,1991,3
3396,199103,27,1815,199103,27,1815,10054208,MICHIGAN,1991,Hail,C,159,27-MAR-91 18:15:00,CST,27-MAR-91 18:15:00,0,0,0,0,0,0,2.0,0.0,0,0,0,42.13,-85.83,1991,3
3397,199106,14,1615,199106,14,1615,10053081,MICHIGAN,1991,Thunderstorm Wind,C,121,14-JUN-91 16:15:00,CST,14-JUN-91 16:15:00,0,0,0,0,0,0,0.0,0.0,0,0,0,43.4,-86.35,1991,6
3398,199106,15,1301,199106,15,1301,10053082,MICHIGAN,1991,Hail,C,117,15-JUN-91 13:01:00,CST,15-JUN-91 13:01:00,0,0,0,0,0,0,1.75,0.0,0,0,0,43.25,-83.38,1991,6
3399,199106,15,1320,199106,15,1320,10053083,MICHIGAN,1991,Thunderstorm Wind,C,151,15-JUN-91 13:20:00,CST,15-JUN-91 13:20:00,0,0,0,0,0,0,0.0,0.0,0,0,0,43.22,-83.0,1991,6
3400,199106,15,1330,199106,15,1330,10053085,MICHIGAN,1991,Thunderstorm Wind,C,77,15-JUN-91 13:30:00,CST,15-JUN-91 13:30:00,0,0,0,0,0,0,0.0,0.0,0,0,0,42.38,-85.57,1991,6
3401,199106,15,1400,199106,15,1400,10053086,MICHIGAN,1991,Thunderstorm Wind,C,77,15-JUN-91 14:00:00,CST,15-JUN-91 14:00:00,0,0,0,0,0,0,0.0,0.0,0,0,0,42.25,-85.5,1991,6
3402,199106,15,1430,199106,15,1430,10053087,MICHIGAN,1991,Thunderstorm Wind,C,57,15-JUN-91 14:30:00,CST,15-JUN-91 14:30:00,0,0,0,0,0,0,52.0,0.0,0,0,0,43.42,-84.6,1991,6
3403,199106,15,1505,199106,15,1505,10053088,MICHIGAN,1991,Thunderstorm Wind,C,25,15-JUN-91 15:05:00,CST,15-JUN-91 15:05:00,0,0,0,0,0,0,52.0,0.0,0,0,0,42.08,-85.23,1991,6
3404,199106,15,1510,199106,15,1510,10053089,MICHIGAN,1991,Thunderstorm Wind,C,25,15-JUN-91 15:10:00,CST,15-JUN-91 15:10:00,0,0,0,0,0,0,61.0,0.0,0,0,0,42.1,-84.98,1991,6
3405,199106,15,1510,199106,15,1510,10053090,MICHIGAN,1991,Thunderstorm Wind,C,25,15-JUN-91 15:10:00,CST,15-JUN-91 15:10:00,0,0,0,0,0,0,61.0,0.0,0,0,0,42.25,-84.75,1991,6
3406,199106,15,1515,199106,15,1515,10053091,MICHIGAN,1991,Thunderstorm Wind,C,37,15-JUN-91 15:15:00,CST,15-JUN-91 15:15:00,0,0,0,0,0,0,52.0,0.0,0,0,0,43.0,-84.57,1991,6
3407,199106,15,1515,199106,15,1515,10053092,MICHIGAN,1991,Thunderstorm Wind,C,27,15-JUN-91 15:15:00,CST,15-JUN-91 15:15:00,0,0,0,0,0,0,0.0,0.0,0,0,0,42.03,-85.88,1991,6
3408,199106,15,1515,199106,15,1515,10053093,MICHIGAN,1991,Thunderstorm Wind,C,155,15-JUN-91 15:15:00,CST,15-JUN-91 15:15:00,0,0,0,0,0,0,0.0,0.0,0,0,0,42.95,-84.13,1991,6
3409,199106,15,1540,199106,15,1540,10053094,MICHIGAN,1991,Thunderstorm Wind,C,37,15-JUN-91 15:40:00,CST,15-JUN-91 15:40:00,0,0,0,0,0,0,52.0,0.0,0,0,0,43.08,-84.38,1991,6
3410,199106,15,1545,199106,15,1545,10053095,MICHIGAN,1991,Thunderstorm Wind,C,65,15-JUN-91 15:45:00,CST,15-JUN-91 15:45:00,0,0,0,0,0,0,0.0,0.0,0,0,0,42.45,-84.43,1991,6
3419,199103,27,1900,199103,27,1900,10055305,MICHIGAN,1991,Thunderstorm Wind,C,7,27-MAR-91 19:00:00,CST,27-MAR-91 19:00:00,0,0,0,0,0,0,0.0,0.0,0,0,0,45.07,-83.45,1991,3
3420,199103,27,1905,199103,27,1905,10055306,MICHIGAN,1991,Thunderstorm Wind,C,23,27-MAR-91 19:05:00,CST,27-MAR-91 19:05:00,18,0,0,0,0,0,0.0,0.0,0,0,0,41.95,-85.0,1991,3
3421,199103,27,1905,199103,27,1905,10055307,MICHIGAN,1991,Thunderstorm Wind,C,1,27-MAR-91 19:05:00,CST,27-MAR-91 19:05:00,0,0,0,0,0,0,62.0,0.0,0,0,0,44.7,-83.27,1991,3
3422,199103,27,1912,199103,27,1912,10055308,MICHIGAN,1991,Thunderstorm Wind,C,157,27-MAR-91 19:12:00,CST,27-MAR-91 19:12:00,0,0,0,0,0,0,52.0,0.0,0,0,0,43.48,-83.4,1991,3
3423,199103,27,1915,199103,27,1915,10055309,MICHIGAN,1991,Hail,C,75,27-MAR-91 19:15:00,CST,27-MAR-91 19:15:00,0,0,0,0,0,0,2.75,0.0,0,0,0,42.25,-84.43,1991,3
3482,199103,27,1720,199103,27,1720,10054182,MICHIGAN,1991,Thunderstorm Wind,C,139,27-MAR-91 17:20:00,CST,27-MAR-91 17:20:00,0,0,0,0,0,0,61.0,0.0,0,0,0,42.83,-86.02,1991,3
3483,199103,27,1730,199103,27,1730,10054183,MICHIGAN,1991,Tornado,C,133,27-MAR-91 17:30:00,EST,27-MAR-91 17:30:00,0,0,0,0,.25K,0,0.0,2.0,40,0,0,43.9,-85.5,1991,3
3484,199103,27,1730,199103,27,1730,10054184,MICHIGAN,1991,Thunderstorm Wind,C,5,27-MAR-91 17:30:00,CST,27-MAR-91 17:30:00,0,0,0,0,0,0,0.0,0.0,0,0,0,42.6,-85.63,1991,3
3485,199103,27,1730,199103,27,1730,10054185,MICHIGAN,1991,Thunderstorm Wind,C,81,27-MAR-91 17:30:00,CST,27-MAR-91 17:30:00,0,0,0,0,0,0,0.0,0.0,0,0,0,43.17,-85.72,1991,3
3486,199103,27,1730,199103,27,1730,10054186,MICHIGAN,1991,Thunderstorm Wind,C,35,27-MAR-91 17:30:00,CST,27-MAR-91 17:30:00,0,0,0,0,0,0,0.0,0.0,0,0,0,44.0,-84.83,1991,3
3487,199103,27,1731,199103,27,1731,10054187,MICHIGAN,1991,Thunderstorm Wind,C,81,27-MAR-91 17:31:00,CST,27-MAR-91 17:31:00,0,0,0,0,0,0,52.0,0.0,0,0,0,42.97,-85.68,1991,3
3488,199103,27,1735,199103,27,1735,10054188,MICHIGAN,1991,Thunderstorm Wind,C,21,27-MAR-91 17:35:00,CST,27-MAR-91 17:35:00,0,0,0,0,0,0,70.0,0.0,0,0,0,42.1,-86.48,1991,3
3489,199103,27,1735,199103,27,1735,10054189,MICHIGAN,1991,Thunderstorm Wind,C,15,27-MAR-91 17:35:00,CST,27-MAR-91 17:35:00,0,0,0,0,0,0,60.0,0.0,0,0,0,42.6,-85.3,1991,3
3490,199103,27,1737,199103,27,1737,10054190,MICHIGAN,1991,Thunderstorm Wind,C,5,27-MAR-91 17:37:00,CST,27-MAR-91 17:37:00,0,0,0,0,0,0,0.0,0.0,0,0,0,42.62,-85.85,1991,3
3491,199103,27,1737,199103,27,1737,10054191,MICHIGAN,1991,Thunderstorm Wind,C,25,27-MAR-91 17:37:00,CST,27-MAR-91 17:37:00,0,0,0,0,0,0,55.0,0.0,0,0,0,42.32,-85.18,1991,3
3492,199103,27,1740,199103,27,1740,10054192,MICHIGAN,1991,Hail,C,21,27-MAR-91 17:40:00,CST,27-MAR-91 17:40:00,0,0,0,0,0,0,1.75,0.0,0,0,0,41.95,-86.33,1991,3
3493,199103,27,1740,199103,27,1740,10054193,MICHIGAN,1991,Thunderstorm Wind,C,143,27-MAR-91 17:40:00,CST,27-MAR-91 17:40:00,0,0,0,0,0,0,0.0,0.0,0,0,0,44.37,-84.57,1991,3
3494,199103,27,1745,199103,27,1745,10054194,MICHIGAN,1991,Hail,C,27,27-MAR-91 17:45:00,CST,27-MAR-91 17:45:00,0,0,0,0,0,0,1.0,0.0,0,0,0,41.98,-86.1,1991,3
3495,199103,27,1923,199103,27,1923,10055310,MICHIGAN,1991,Thunderstorm Wind,C,155,27-MAR-91 19:23:00,CST,27-MAR-91 19:23:00,0,0,0,0,0,0,70.0,0.0,0,0,0,42.92,-83.98,1991,3
3496,199103,27,1928,199103,27,1928,10055311,MICHIGAN,1991,Tornado,C,65,27-MAR-91 19:28:00,EST,27-MAR-91 19:28:00,0,0,0,0,0K,0,0.0,3.0,30,0,0,42.58,-84.17,1991,3
3497,199103,27,1928,199103,27,1928,10055312,MICHIGAN,1991,Thunderstorm Wind,C,49,27-MAR-91 19:28:00,CST,27-MAR-91 19:28:00,0,0,0,0,0,0,52.0,0.0,0,0,0,42.95,-83.82,1991,3
3531,199103,27,1930,199103,27,1930,10055313,MICHIGAN,1991,Thunderstorm Wind,C,63,27-MAR-91 19:30:00,CST,27-MAR-91 19:30:00,0,0,0,0,0,0,0.0,0.0,0,0,0,43.85,-83.0,1991,3
3532,199103,27,1930,199103,27,1930,10055314,MICHIGAN,1991,Thunderstorm Wind,C,25,27-MAR-91 19:30:00,CST,27-MAR-91 19:30:00,0,0,0,0,0,0,0.0,0.0,0,0,0,42.25,-84.75,1991,3
3533,199103,27,1937,199103,27,1937,10055315,MICHIGAN,1991,Tornado,C,59,27-MAR-91 19:37:00,EST,27-MAR-91 19:37:00,0,0,0,0,25M,0,0.0,5.0,400,0,0,41.72,-84.6,1991,3
3534,199103,27,1945,199103,27,1945,10055316,MICHIGAN,1991,Thunderstorm Wind,C,161,27-MAR-91 19:45:00,CST,27-MAR-91 19:45:00,0,0,0,0,0,0,0.0,0.0,0,0,0,42.25,-83.83,1991,3
3535,199103,27,1949,199103,27,1949,10055317,MICHIGAN,1991,Thunderstorm Wind,C,49,27-MAR-91 19:49:00,CST,27-MAR-91 19:49:00,0,0,0,0,0,0,53.0,0.0,0,0,0,42.92,-83.62,1991,3
3536,199103,27,1949,199103,27,1949,10055318,MICHIGAN,1991,Thunderstorm Wind,C,145,27-MAR-91 19:49:00,CST,27-MAR-91 19:49:00,0,0,0,0,0,0,0.0,0.0,0,0,0,43.42,-83.97,1991,3
3537,199103,27,2000,199103,27,2000,10055319,MICHIGAN,1991,Thunderstorm Wind,C,17,27-MAR-91 20:00:00,CST,27-MAR-91 20:00:00,0,0,0,0,0,0,0.0,0.0,0,0,0,43.6,-83.88,1991,3
3538,199103,27,2000,199103,27,2000,10055320,MICHIGAN,1991,Thunderstorm Wind,C,151,27-MAR-91 20:00:00,CST,27-MAR-91 20:00:00,0,0,0,0,0,0,0.0,0.0,0,0,0,43.33,-83.08,1991,3
3539,199103,27,2000,199103,27,2000,10055321,MICHIGAN,1991,Thunderstorm Wind,C,93,27-MAR-91 20:00:00,CST,27-MAR-91 20:00:00,0,0,0,0,0,0,0.0,0.0,0,0,0,42.6,-83.93,1991,3
3540,199103,27,2000,199103,27,2000,10055322,MICHIGAN,1991,Thunderstorm Wind,C,91,27-MAR-91 20:00:00,CST,27-MAR-91 20:00:00,0,0,0,0,0,0,52.0,0.0,0,0,0,41.9,-84.07,1991,3
3541,199103,27,2000,199103,27,2000,10055323,MICHIGAN,1991,Thunderstorm Wind,C,125,27-MAR-91 20:00:00,CST,27-MAR-91 20:00:00,0,0,0,0,0,0,65.0,0.0,0,0,0,42.67,-83.42,1991,3
3542,199103,27,2007,199103,27,2007,10055324,MICHIGAN,1991,Thunderstorm Wind,C,161,27-MAR-91 20:07:00,CST,27-MAR-91 20:07:00,0,0,0,0,0,0,59.0,0.0,0,0,0,42.28,-83.73,1991,3
3543,199103,27,2012,199103,27,2012,10055325,MICHIGAN,1991,Thunderstorm Wind,C,161,27-MAR-91 20:12:00,CST,27-MAR-91 20:12:00,0,0,0,0,0,0,0.0,0.0,0,0,0,42.15,-84.03,1991,3
3544,199103,27,2015,199103,27,2015,10055326,MICHIGAN,1991,Thunderstorm Wind,C,163,27-MAR-91 20:15:00,CST,27-MAR-91 20:15:00,0,0,0,0,0,0,59.0,0.0,0,0,0,42.23,-83.53,1991,3
3545,199103,27,2020,199103,27,2020,10055327,MICHIGAN,1991,Thunderstorm Wind,C,87,27-MAR-91 20:20:00,CST,27-MAR-91 20:20:00,1,0,0,0,0,0,0.0,0.0,0,0,0,43.03,-83.08,1991,3
3546,199103,27,2030,199103,27,2030,10055328,MICHIGAN,1991,Thunderstorm Wind,C,125,27-MAR-91 20:30:00,CST,27-MAR-91 20:30:00,0,0,0,0,0,0,0.0,0.0,0,0,0,42.48,-83.47,1991,3
3547,199103,27,2039,199103,27,2039,10055329,MICHIGAN,1991,Tornado,C,115,27-MAR-91 20:39:00,EST,27-MAR-91 20:39:00,0,0,0,0,0K,0,0.0,0.5,10,0,0,41.77,-83.68,1991,3
3548,199103,27,2042,199103,27,2042,10055330,MICHIGAN,1991,Thunderstorm Wind,C,99,27-MAR-91 20:42:00,CST,27-MAR-91 20:42:00,0,0,0,0,0,0,51.0,0.0,0,0,0,42.6,-82.83,1991,3
3580,199105,28,1820,199105,28,1820,10051983,MICHIGAN,1991,Thunderstorm Wind,C,157,28-MAY-91 18:20:00,CST,28-MAY-91 18:20:00,0,0,0,0,0,0,0.0,0.0,0,0,0,43.48,-83.4,1991,5
3581,199105,28,1855,199105,28,1855,10051984,MICHIGAN,1991,Hail,C,63,28-MAY-91 18:55:00,CST,28-MAY-91 18:55:00,0,0,0,0,0,0,0.75,0.0,0,0,0,43.93,-82.72,1991,5
3582,199105,28,1910,199105,28,1910,10051985,MICHIGAN,1991,Thunderstorm Wind,C,151,28-MAY-91 19:10:00,CST,28-MAY-91 19:10:00,0,0,0,0,0,0,0.0,0.0,0,0,0,43.35,-82.63,1991,5
3583,199105,28,2015,199105,28,2015,10051986,MICHIGAN,1991,Hail,C,147,28-MAY-91 20:15:00,CST,28-MAY-91 20:15:00,0,0,0,0,0,0,0.88,0.0,0,0,0,43.13,-82.78,1991,5
3584,199105,28,2025,199105,28,2025,10051987,MICHIGAN,1991,Thunderstorm Wind,C,147,28-MAY-91 20:25:00,CST,28-MAY-91 20:25:00,0,0,0,0,0,0,0.0,0.0,0,0,0,42.98,-82.42,1991,5
3585,199105,28,2040,199105,28,2040,10051988,MICHIGAN,1991,Thunderstorm Wind,C,147,28-MAY-91 20:40:00,CST,28-MAY-91 20:40:00,0,0,0,0,0,0,56.0,0.0,0,0,0,42.72,-82.48,1991,5
3586,199105,29,615,199105,29,615,10051992,MICHIGAN,1991,Thunderstorm Wind,C,7,29-MAY-91 06:15:00,CST,29-MAY-91 06:15:00,0,0,0,0,0,0,0.0,0.0,0,0,0,45.07,-83.45,1991,5
3702,199103,27,2055,199103,27,2055,10055337,MICHIGAN,1991,Hail,C,115,27-MAR-91 20:55:00,CST,27-MAR-91 20:55:00,0,0,0,0,0,0,4.0,0.0,0,0,0,41.93,-83.27,1991,3
3703,199103,27,2100,199103,27,2100,10055338,MICHIGAN,1991,Thunderstorm Wind,C,147,27-MAR-91 21:00:00,CST,27-MAR-91 21:00:00,0,0,1,0,0,0,0.0,0.0,0,0,0,43.03,-82.6,1991,3
3704,199103,27,2104,199103,27,2104,10055339,MICHIGAN,1991,Thunderstorm Wind,C,99,27-MAR-91 21:04:00,CST,27-MAR-91 21:04:00,0,0,0,0,0,0,0.0,0.0,0,0,0,42.7,-82.83,1991,3
3705,199103,27,2130,199103,27,2130,10055340,MICHIGAN,1991,Thunderstorm Wind,C,11,27-MAR-91 21:30:00,CST,27-MAR-91 21:30:00,0,0,0,0,0,0,0.0,0.0,0,0,0,44.15,-83.85,1991,3
3706,199104,9,1415,199104,9,1415,10055342,MICHIGAN,1991,Hail,C,25,09-APR-91 14:15:00,CST,09-APR-91 14:15:00,0,0,0,0,0,0,2.75,0.0,0,0,0,42.27,-84.95,1991,4
3707,199104,9,1420,199104,9,1420,10055344,MICHIGAN,1991,Hail,C,25,09-APR-91 14:20:00,CST,09-APR-91 14:20:00,0,0,0,0,0,0,2.75,0.0,0,0,0,42.37,-84.78,1991,4
3708,199104,9,1425,199104,9,1425,10055345,MICHIGAN,1991,Hail,C,161,09-APR-91 14:25:00,CST,09-APR-91 14:25:00,0,0,0,0,0,0,1.0,0.0,0,0,0,42.25,-83.83,1991,4
3709,199104,9,1428,199104,9,1428,10055346,MICHIGAN,1991,Hail,C,75,09-APR-91 14:28:00,CST,09-APR-91 14:28:00,0,0,0,0,0,0,2.75,0.0,0,0,0,42.38,-84.68,1991,4
3710,199104,9,1444,199104,9,1444,10055347,MICHIGAN,1991,Hail,C,161,09-APR-91 14:44:00,CST,09-APR-91 14:44:00,0,0,0,0,0,0,0.75,0.0,0,0,0,42.1,-83.67,1991,4
3717,199107,6,2045,199107,6,2045,10052441,MICHIGAN,1991,Thunderstorm Wind,C,117,06-JUL-91 20:45:00,CST,06-JUL-91 20:45:00,0,0,0,0,0,0,0.0,0.0,0,0,0,43.18,-84.87,1991,7
3724,199109,9,2125,199109,9,2125,10053628,MICHIGAN,1991,Thunderstorm Wind,C,5,09-SEP-91 21:25:00,CST,09-SEP-91 21:25:00,0,0,0,0,0,0,0.0,0.0,0,0,0,42.65,-86.2,1991,9
3725,199109,9,2135,199109,9,2135,10053629,MICHIGAN,1991,Thunderstorm Wind,C,7,09-SEP-91 21:35:00,CST,09-SEP-91 21:35:00,0,0,0,0,0,0,0.0,0.0,0,0,0,45.07,-83.45,1991,9
3726,199109,9,2140,199109,9,2140,10053630,MICHIGAN,1991,Thunderstorm Wind,C,7,09-SEP-91 21:40:00,CST,09-SEP-91 21:40:00,0,0,0,0,0,0,0.0,0.0,0,0,0,44.9,-83.45,1991,9
3727,199109,9,2210,199109,9,2210,10053631,MICHIGAN,1991,Thunderstorm Wind,C,81,09-SEP-91 22:10:00,CST,09-SEP-91 22:10:00,0,0,0,0,0,0,52.0,0.0,0,0,0,42.97,-85.68,1991,9
3728,199110,4,2010,199110,4,2010,10053632,MICHIGAN,1991,Thunderstorm Wind,C,21,04-OCT-91 20:10:00,CST,04-OCT-91 20:10:00,0,0,0,0,0,0,0.0,0.0,0,0,0,41.83,-86.48,1991,0
3729,199110,4,2045,199110,4,2045,10053633,MICHIGAN,1991,Thunderstorm Wind,C,27,04-OCT-91 20:45:00,CST,04-OCT-91 20:45:00,0,0,0,0,0,0,0.0,0.0,0,0,0,41.93,-85.98,1991,0
3757,199105,29,530,199105,29,530,10051990,MICHIGAN,1991,Thunderstorm Wind,C,29,29-MAY-91 05:30:00,CST,29-MAY-91 05:30:00,0,0,0,0,0,0,0.0,0.0,0,0,0,45.32,-85.25,1991,5
3758,199105,29,600,199105,29,600,10051991,MICHIGAN,1991,Thunderstorm Wind,C,119,29-MAY-91 06:00:00,CST,29-MAY-91 06:00:00,0,0,0,0,0,0,0.0,0.0,0,0,0,45.07,-83.92,1991,5
3759,199103,27,1650,199103,27,1650,10054174,MICHIGAN,1991,Thunderstorm Wind,C,19,27-MAR-91 16:50:00,CST,27-MAR-91 16:50:00,0,0,0,0,0,0,56.0,0.0,0,0,0,44.63,-86.23,1991,3
3760,199103,27,1657,199103,27,1657,10054175,MICHIGAN,1991,Thunderstorm Wind,C,19,27-MAR-91 16:57:00,CST,27-MAR-91 16:57:00,0,0,0,0,0,0,0.0,0.0,0,0,0,44.67,-86.02,1991,3
3761,199103,27,1702,199103,27,1702,10054176,MICHIGAN,1991,Tornado,C,123,27-MAR-91 17:02:00,EST,27-MAR-91 17:02:00,0,0,0,0,0K,0,0.0,0.5,10,0,0,43.6,-85.82,1991,3
3762,199103,27,1705,199103,27,1705,10054178,MICHIGAN,1991,Thunderstorm Wind,C,81,27-MAR-91 17:05:00,CST,27-MAR-91 17:05:00,0,0,0,0,0,0,0.0,0.0,0,0,0,42.97,-85.68,1991,3
3763,199105,28,1730,199105,28,1730,10051978,MICHIGAN,1991,Thunderstorm Wind,C,51,28-MAY-91 17:30:00,CST,28-MAY-91 17:30:00,0,0,0,0,0,0,0.0,0.0,0,0,0,44.12,-84.28,1991,5
3764,199105,28,1745,199105,28,1745,10051979,MICHIGAN,1991,Thunderstorm Wind,C,107,28-MAY-91 17:45:00,CST,28-MAY-91 17:45:00,0,0,0,0,0,0,0.0,0.0,0,0,0,43.63,-85.32,1991,5
3765,199105,28,1800,199105,28,1800,10051980,MICHIGAN,1991,Thunderstorm Wind,C,145,28-MAY-91 18:00:00,CST,28-MAY-91 18:00:00,0,0,0,0,0,0,0.0,0.0,0,0,0,43.4,-83.82,1991,5
3766,199105,28,1805,199105,28,1805,10051981,MICHIGAN,1991,Tornado,C,127,28-MAY-91 18:05:00,CST,28-MAY-91 18:05:00,0,0,0,0,250K,0,0.0,3.0,60,0,0,43.68,-86.38,1991,5
3767,199105,28,1810,199105,28,1810,10051982,MICHIGAN,1991,Tornado,C,63,28-MAY-91 18:10:00,EST,28-MAY-91 18:10:00,0,0,0,0,2.5K,0,0.0,0.8,30,0,0,43.88,-83.12,1991,5
3852,199103,27,1750,199103,27,1750,10054195,MICHIGAN,1991,Thunderstorm Wind,C,81,27-MAR-91 17:50:00,CST,27-MAR-91 17:50:00,0,0,0,0,0,0,0.0,0.0,0,0,0,43.02,-85.48,1991,3
3853,199103,27,1752,199103,27,1752,10054196,MICHIGAN,1991,Thunderstorm Wind,C,39,27-MAR-91 17:52:00,CST,27-MAR-91 17:52:00,0,0,0,0,0,0,0.0,0.0,0,0,0,44.67,-84.65,1991,3
3854,199103,27,1756,199103,27,1756,10054197,MICHIGAN,1991,Thunderstorm Wind,C,21,27-MAR-91 17:56:00,CST,27-MAR-91 17:56:00,0,0,0,0,0,0,63.0,0.0,0,0,0,41.92,-86.25,1991,3
3855,199103,27,1757,199103,27,1757,10054198,MICHIGAN,1991,Thunderstorm Wind,C,101,27-MAR-91 17:57:00,CST,27-MAR-91 17:57:00,0,0,0,0,0,0,0.0,0.0,0,0,0,44.37,-86.2,1991,3
3856,199103,27,1800,199103,27,1800,10054199,MICHIGAN,1991,Thunderstorm Wind,C,113,27-MAR-91 18:00:00,CST,27-MAR-91 18:00:00,0,0,0,0,0,0,0.0,0.0,0,0,0,44.35,-85.08,1991,3
3857,199103,27,1800,199103,27,1800,10054200,MICHIGAN,1991,Thunderstorm Wind,C,117,27-MAR-91 18:00:00,CST,27-MAR-91 18:00:00,0,0,0,0,0,0,0.0,0.0,0,0,0,43.15,-85.22,1991,3
3858,199103,27,1800,199103,27,1800,10054201,MICHIGAN,1991,Thunderstorm Wind,C,51,27-MAR-91 18:00:00,CST,27-MAR-91 18:00:00,0,0,0,0,0,0,0.0,0.0,0,0,0,44.0,-84.37,1991,3
3859,199103,27,1805,199103,27,1805,10054202,MICHIGAN,1991,Tornado,C,133,27-MAR-91 18:05:00,EST,27-MAR-91 18:05:00,0,0,0,0,.25K,0,0.0,1.0,10,0,0,44.1,-85.15,1991,3
3968,199105,28,1530,199105,28,1530,10051964,MICHIGAN,1991,Thunderstorm Wind,C,141,28-MAY-91 15:30:00,CST,28-MAY-91 15:30:00,0,0,0,0,0,0,0.0,0.0,0,0,0,45.35,-84.23,1991,5
3969,199105,28,1535,199105,28,1535,10051965,MICHIGAN,1991,Thunderstorm Wind,C,165,28-MAY-91 15:35:00,CST,28-MAY-91 15:35:00,0,0,0,0,0,0,0.0,0.0,0,0,0,44.25,-85.4,1991,5
3970,199105,28,1545,199105,28,1545,10051966,MICHIGAN,1991,Thunderstorm Wind,C,39,28-MAY-91 15:45:00,CST,28-MAY-91 15:45:00,0,0,0,0,0,0,0.0,0.0,0,0,0,44.68,-84.57,1991,5
3971,199105,28,1609,199105,28,1609,10051967,MICHIGAN,1991,Thunderstorm Wind,C,119,28-MAY-91 16:09:00,CST,28-MAY-91 16:09:00,0,0,0,0,0,0,0.0,0.0,0,0,0,45.03,-84.12,1991,5
3972,199105,28,1615,199105,28,1615,10051968,MICHIGAN,1991,Thunderstorm Wind,C,31,28-MAY-91 16:15:00,CST,28-MAY-91 16:15:00,0,0,0,0,0,0,0.0,0.0,0,0,0,45.35,-84.48,1991,5
3973,199105,28,1627,199105,28,1627,10051969,MICHIGAN,1991,Thunderstorm Wind,C,141,28-MAY-91 16:27:00,CST,28-MAY-91 16:27:00,0,0,0,0,0,0,0.0,0.0,0,0,0,45.35,-84.23,1991,5
3974,199105,28,1640,199105,28,1640,10051970,MICHIGAN,1991,Thunderstorm Wind,C,7,28-MAY-91 16:40:00,CST,28-MAY-91 16:40:00,0,0,0,0,0,0,0.0,0.0,0,0,0,45.08,-83.73,1991,5
3975,199105,28,1640,199105,28,1640,10051971,MICHIGAN,1991,Thunderstorm Wind,C,129,28-MAY-91 16:40:00,CST,28-MAY-91 16:40:00,0,0,0,0,0,0,52.0,0.0,0,0,0,44.28,-84.08,1991,5
3976,199105,28,1650,199105,28,1650,10051973,MICHIGAN,1991,Thunderstorm Wind,C,7,28-MAY-91 16:50:00,CST,28-MAY-91 16:50:00,0,0,0,0,0,0,0.0,0.0,0,0,0,45.07,-83.45,1991,5
3977,199105,28,1710,199105,28,1710,10051974,MICHIGAN,1991,Thunderstorm Wind,C,69,28-MAY-91 17:10:00,CST,28-MAY-91 17:10:00,0,0,0,0,0,0,0.0,0.0,0,0,0,44.38,-83.8,1991,5
3978,199105,28,1710,199105,28,1710,10051975,MICHIGAN,1991,Thunderstorm Wind,C,69,28-MAY-91 17:10:00,CST,28-MAY-91 17:10:00,0,0,0,0,0,0,0.0,0.0,0,0,0,44.27,-83.52,1991,5
3979,199105,28,1725,199105,28,1725,10051976,MICHIGAN,1991,Thunderstorm Wind,C,135,28-MAY-91 17:25:00,CST,28-MAY-91 17:25:00,0,0,0,0,0,0,0.0,0.0,0,0,0,44.8,-84.05,1991,5
3980,199105,28,1725,199105,28,1725,10051977,MICHIGAN,1991,Thunderstorm Wind,C,1,28-MAY-91 17:25:00,CST,28-MAY-91 17:25:00,0,0,0,0,0,0,0.0,0.0,0,0,0,44.57,-83.72,1991,5
4106,199108,14,330,199108,14,330,10053599,MICHIGAN,1991,Thunderstorm Wind,C,1,14-AUG-91 03:30:00,CST,14-AUG-91 03:30:00,0,0,0,0,0,0,0.0,0.0,0,0,0,44.68,-83.67,1991,8
4107,199108,15,1445,199108,15,1445,10053600,MICHIGAN,1991,Hail,C,129,15-AUG-91 14:45:00,CST,15-AUG-91 14:45:00,0,0,0,0,0,0,0.75,0.0,0,0,0,44.17,-84.05,1991,8
4108,199108,17,1116,199108,17,1116,10053601,MICHIGAN,1991,Hail,C,81,17-AUG-91 11:16:00,CST,17-AUG-91 11:16:00,0,0,0,0,0,0,0.75,0.0,0,0,0,42.93,-85.33,1991,8
4109,199108,17,1300,199108,17,1300,10053602,MICHIGAN,1991,Hail,C,17,17-AUG-91 13:00:00,CST,17-AUG-91 13:00:00,0,0,0,0,0,0,0.75,0.0,0,0,0,43.6,-83.88,1991,8
4110,199108,17,1330,199108,17,1330,10053603,MICHIGAN,1991,Thunderstorm Wind,C,161,17-AUG-91 13:30:00,CST,17-AUG-91 13:30:00,0,0,0,0,0,0,0.0,0.0,0,0,0,42.32,-84.02,1991,8
4111,199108,17,1345,199108,17,1345,10053604,MICHIGAN,1991,Thunderstorm Wind,C,49,17-AUG-91 13:45:00,CST,17-AUG-91 13:45:00,0,0,0,0,0,0,0.0,0.0,0,0,0,43.18,-83.72,1991,8
4112,199108,17,1425,199108,17,1425,10053605,MICHIGAN,1991,Hail,C,87,17-AUG-91 14:25:00,CST,17-AUG-91 14:25:00,0,0,0,0,0,0,1.75,0.0,0,0,0,43.23,-83.2,1991,8
4113,199108,17,1515,199108,17,1515,10053606,MICHIGAN,1991,Thunderstorm Wind,C,87,17-AUG-91 15:15:00,CST,17-AUG-91 15:15:00,0,0,0,0,0,0,0.0,0.0,0,0,0,43.0,-83.03,1991,8
4114,199108,17,1700,199108,17,1700,10053607,MICHIGAN,1991,Tornado,C,145,17-AUG-91 17:00:00,EST,17-AUG-91 17:00:00,0,0,0,0,0K,0,0.0,5.0,13,0,0,43.18,-84.07,1991,8
4161,199107,7,1905,199107,7,1905,10052507,MICHIGAN,1991,Thunderstorm Wind,C,99,07-JUL-91 19:05:00,CST,07-JUL-91 19:05:00,0,0,0,0,0,0,52.0,0.0,0,0,0,42.57,-83.03,1991,7
4317,199107,7,1900,199107,7,1900,10052504,MICHIGAN,1991,Thunderstorm Wind,C,161,07-JUL-91 19:00:00,CST,07-JUL-91 19:00:00,0,0,0,0,0,0,50.0,0.0,0,0,0,42.28,-83.73,1991,7
4318,199107,7,1900,199107,7,1900,10052505,MICHIGAN,1991,Thunderstorm Wind,C,163,07-JUL-91 19:00:00,CST,07-JUL-91 19:00:00,0,0,0,0,0,0,61.0,0.0,0,0,0,42.33,-83.07,1991,7
4319,199107,7,1900,199107,7,1900,10052506,MICHIGAN,1991,Thunderstorm Wind,C,91,07-JUL-91 19:00:00,CST,07-JUL-91 19:00:00,0,0,0,0,0,0,52.0,0.0,0,0,0,42.0,-83.93,1991,7
4826,199108,2,2030,199108,2,2030,10053596,MICHIGAN,1991,Thunderstorm Wind,C,21,02-AUG-91 20:30:00,CST,02-AUG-91 20:30:00,0,0,0,0,0,0,0.0,0.0,0,0,0,41.95,-86.45,1991,8
4827,199108,2,2100,199108,2,2100,10053597,MICHIGAN,1991,Thunderstorm Wind,C,27,02-AUG-91 21:00:00,CST,02-AUG-91 21:00:00,0,0,0,0,0,0,0.0,0.0,0,0,0,41.93,-85.98,1991,8
4828,199108,2,2130,199108,2,2130,10053598,MICHIGAN,1991,Thunderstorm Wind,C,149,02-AUG-91 21:30:00,CST,02-AUG-91 21:30:00,0,0,0,0,0,0,0.0,0.0,0,0,0,41.92,-85.53,1991,8
5162,199107,7,1839,199107,7,1839,10052498,MICHIGAN,1991,Thunderstorm Wind,C,161,07-JUL-91 18:39:00,CST,07-JUL-91 18:39:00,0,0,0,0,0,0,72.0,0.0,0,0,0,42.23,-83.62,1991,7
5163,199107,7,1845,199107,7,1845,10052499,MICHIGAN,1991,Thunderstorm Wind,C,87,07-JUL-91 18:45:00,CST,07-JUL-91 18:45:00,1,0,0,0,0,0,0.0,0.0,0,0,0,43.1,-83.23,1991,7
5164,199107,7,1845,199107,7,1845,10052500,MICHIGAN,1991,Thunderstorm Wind,C,125,07-JUL-91 18:45:00,CST,07-JUL-91 18:45:00,0,0,0,0,0,0,74.0,0.0,0,0,0,42.68,-83.13,1991,7
5165,199107,7,1845,199107,7,1845,10052501,MICHIGAN,1991,Thunderstorm Wind,C,125,07-JUL-91 18:45:00,CST,07-JUL-91 18:45:00,0,0,0,0,0,0,0.0,0.0,0,0,0,42.45,-83.12,1991,7
5166,199107,7,1852,199107,7,1852,10052502,MICHIGAN,1991,Thunderstorm Wind,C,115,07-JUL-91 18:52:00,CST,07-JUL-91 18:52:00,0,0,0,0,0,0,52.0,0.0,0,0,0,41.92,-83.4,1991,7
5216,199103,27,1825,199103,27,1825,10055284,MICHIGAN,1991,Thunderstorm Wind,C,15,27-MAR-91 18:25:00,CST,27-MAR-91 18:25:00,0,0,0,0,0,0,0.0,0.0,0,0,0,42.62,-85.53,1991,3
5217,199103,27,1830,199103,27,1830,10055285,MICHIGAN,1991,Thunderstorm Wind,C,11,27-MAR-91 18:30:00,CST,27-MAR-91 18:30:00,0,0,0,0,0,0,0.0,0.0,0,0,0,44.12,-83.8,1991,3
5218,199103,27,1830,199103,27,1830,10055286,MICHIGAN,1991,Thunderstorm Wind,C,25,27-MAR-91 18:30:00,CST,27-MAR-91 18:30:00,0,0,0,0,0,0,52.0,0.0,0,0,0,42.25,-85.0,1991,3
5219,199103,27,1830,199103,27,1830,10055287,MICHIGAN,1991,Thunderstorm Wind,C,149,27-MAR-91 18:30:00,CST,27-MAR-91 18:30:00,0,0,1,0,0,0,0.0,0.0,0,0,0,41.8,-85.42,1991,3
5220,199103,27,1830,199103,27,1830,10055288,MICHIGAN,1991,Thunderstorm Wind,C,129,27-MAR-91 18:30:00,CST,27-MAR-91 18:30:00,0,0,0,0,0,0,0.0,0.0,0,0,0,44.28,-84.22,1991,3
5221,199103,27,1830,199103,27,1830,10055289,MICHIGAN,1991,Thunderstorm Wind,C,45,27-MAR-91 18:30:00,CST,27-MAR-91 18:30:00,0,0,0,0,0,0,0.0,0.0,0,0,0,42.57,-84.82,1991,3
5222,199103,27,1833,199103,27,1833,10055290,MICHIGAN,1991,Tornado,C,69,27-MAR-91 18:33:00,EST,27-MAR-91 18:33:00,0,0,0,0,2.5M,0,0.0,4.0,100,0,0,44.45,-83.88,1991,3
5223,199103,27,1835,199103,27,1835,10055291,MICHIGAN,1991,Tornado,C,1,27-MAR-91 18:35:00,EST,27-MAR-91 18:35:00,0,0,0,0,2.5M,0,0.0,23.0,100,0,0,44.5,-83.68,1991,3
5224,199103,27,1835,199103,27,1835,10055292,MICHIGAN,1991,Hail,C,149,27-MAR-91 18:35:00,CST,27-MAR-91 18:35:00,0,0,0,0,0,0,0.75,0.0,0,0,0,41.93,-85.63,1991,3
5225,199103,27,1840,199103,27,1840,10055293,MICHIGAN,1991,Tornado,C,1,27-MAR-91 18:40:00,EST,27-MAR-91 18:40:00,0,0,0,0,2.5M,0,0.0,10.0,100,0,0,44.5,-83.8,1991,3
5226,199103,27,1840,199103,27,1840,10055294,MICHIGAN,1991,Thunderstorm Wind,C,15,27-MAR-91 18:40:00,CST,27-MAR-91 18:40:00,0,0,0,0,0,0,0.0,0.0,0,0,0,42.65,-85.28,1991,3
5227,199103,27,1845,199103,27,1845,10055295,MICHIGAN,1991,Hail,C,25,27-MAR-91 18:45:00,CST,27-MAR-91 18:45:00,0,0,0,0,0,0,2.75,0.0,0,0,0,42.32,-85.18,1991,3
5228,199103,27,1845,199103,27,1845,10055296,MICHIGAN,1991,Hail,C,25,27-MAR-91 18:45:00,CST,27-MAR-91 18:45:00,0,0,0,0,0,0,2.75,0.0,0,0,0,42.27,-84.95,1991,3
5229,199103,27,1845,199103,27,1845,10055297,MICHIGAN,1991,Thunderstorm Wind,C,139,27-MAR-91 18:45:00,CST,27-MAR-91 18:45:00,0,0,0,0,0,0,52.0,0.0,0,0,0,42.83,-86.2,1991,3
5230,199103,27,1855,199103,27,1855,10055300,MICHIGAN,1991,Thunderstorm Wind,C,155,27-MAR-91 18:55:00,CST,27-MAR-91 18:55:00,0,0,0,0,0,0,70.0,0.0,0,0,0,42.92,-83.98,1991,3
5248,199103,27,1715,199103,27,1715,10054179,MICHIGAN,1991,Tornado,C,133,27-MAR-91 17:15:00,EST,27-MAR-91 17:15:00,0,0,0,0,2.5K,0,0.0,4.0,70,0,0,44.03,-85.15,1991,3
5269,199103,27,1900,199103,27,1900,10055301,MICHIGAN,1991,Tornado,C,65,27-MAR-91 19:00:00,EST,27-MAR-91 19:00:00,0,0,0,0,250K,0,0.0,5.0,60,0,0,42.45,-84.43,1991,3
5270,199103,27,1900,199103,27,1900,10055302,MICHIGAN,1991,Tornado,C,25,27-MAR-91 19:00:00,EST,27-MAR-91 19:00:00,18,0,0,0,250K,0,0.0,2.0,400,0,0,42.38,-84.9,1991,3
5271,199103,27,1900,199103,27,1900,10055303,MICHIGAN,1991,Hail,C,25,27-MAR-91 19:00:00,CST,27-MAR-91 19:00:00,0,0,0,0,0,0,0.75,0.0,0,0,0,42.25,-84.75,1991,3
5272,199103,27,1900,199103,27,1900,10055304,MICHIGAN,1991,Thunderstorm Wind,C,145,27-MAR-91 19:00:00,CST,27-MAR-91 19:00:00,0,0,0,0,0,0,0.0,0.0,0,0,0,43.42,-83.97,1991,3
5320,199103,27,2045,199103,27,2045,10055331,MICHIGAN,1991,Tornado,C,115,27-MAR-91 20:45:00,EST,27-MAR-91 20:45:00,0,0,0,0,0K,0,0.0,0.5,10,0,0,41.92,-83.4,1991,3
5321,199103,27,2045,199103,27,2045,10055332,MICHIGAN,1991,Thunderstorm Wind,C,147,27-MAR-91 20:45:00,CST,27-MAR-91 20:45:00,2,0,0,0,0,0,0.0,0.0,0,0,0,42.85,-82.7,1991,3
5322,199103,27,2045,199103,27,2045,10055333,MICHIGAN,1991,Thunderstorm Wind,C,125,27-MAR-91 20:45:00,CST,27-MAR-91 20:45:00,0,0,0,0,0,0,0.0,0.0,0,0,0,42.7,-83.4,1991,3
5323,199103,27,2052,199103,27,2052,10055334,MICHIGAN,1991,Thunderstorm Wind,C,147,27-MAR-91 20:52:00,CST,27-MAR-91 20:52:00,0,0,1,0,0,0,52.0,0.0,0,0,0,42.92,-82.87,1991,3
5324,199103,27,2052,199103,27,2052,10055335,MICHIGAN,1991,Thunderstorm Wind,C,163,27-MAR-91 20:52:00,CST,27-MAR-91 20:52:00,0,0,0,0,0,0,50.0,0.0,0,0,0,42.42,-83.02,1991,3
5325,199103,27,2053,199103,27,2053,10055336,MICHIGAN,1991,Tornado,C,147,27-MAR-91 20:53:00,EST,27-MAR-91 20:53:00,0,0,0,0,25K,0,0.0,10.0,150,0,0,42.98,-82.73,1991,3
5389,199107,7,1710,199107,7,1710,10052459,MICHIGAN,1991,Thunderstorm Wind,C,21,07-JUL-91 17:10:00,CST,07-JUL-91 17:10:00,0,0,0,0,0,0,61.0,0.0,0,0,0,42.18,-86.3,1991,7
5390,199107,7,1715,199107,7,1715,10052460,MICHIGAN,1991,Thunderstorm Wind,C,67,07-JUL-91 17:15:00,CST,07-JUL-91 17:15:00,0,0,0,0,0,0,74.0,0.0,0,0,0,42.93,-85.08,1991,7
5391,199107,7,1715,199107,7,1715,10052461,MICHIGAN,1991,Thunderstorm Wind,C,117,07-JUL-91 17:15:00,CST,07-JUL-91 17:15:00,0,0,0,0,0,0,0.0,0.0,0,0,0,43.28,-85.18,1991,7
5392,199107,7,1720,199107,7,1720,10052462,MICHIGAN,1991,Thunderstorm Wind,C,25,07-JUL-91 17:20:00,CST,07-JUL-91 17:20:00,0,0,0,0,0,0,52.0,0.0,0,0,0,42.32,-85.18,1991,7
5393,199107,7,1730,199107,7,1730,10052463,MICHIGAN,1991,Tornado,C,5,07-JUL-91 17:30:00,EST,07-JUL-91 17:30:00,0,0,0,0,0K,0,0.0,0.2,10,0,0,42.45,-85.63,1991,7
5394,199107,7,1730,199107,7,1730,10052464,MICHIGAN,1991,Thunderstorm Wind,C,73,07-JUL-91 17:30:00,CST,07-JUL-91 17:30:00,0,0,0,0,0,0,0.0,0.0,0,0,0,43.6,-84.77,1991,7
5395,199107,7,1730,199107,7,1730,10052465,MICHIGAN,1991,Thunderstorm Wind,C,57,07-JUL-91 17:30:00,CST,07-JUL-91 17:30:00,0,0,0,0,0,0,0.0,0.0,0,0,0,43.28,-84.62,1991,7
5396,199107,7,1735,199107,7,1735,10052466,MICHIGAN,1991,Thunderstorm Wind,C,21,07-JUL-91 17:35:00,CST,07-JUL-91 17:35:00,0,0,0,0,0,0,0.0,0.0,0,0,0,41.83,-86.25,1991,7
5397,199107,7,1737,199107,7,1737,10052467,MICHIGAN,1991,Thunderstorm Wind,C,139,07-JUL-91 17:37:00,CST,07-JUL-91 17:37:00,0,0,0,0,0,0,0.0,0.0,0,0,0,42.87,-85.88,1991,7
5398,199107,7,1740,199107,7,1740,10052468,MICHIGAN,1991,Thunderstorm Wind,C,37,07-JUL-91 17:40:00,CST,07-JUL-91 17:40:00,0,0,0,0,0,0,52.0,0.0,0,0,0,42.78,-84.58,1991,7
5399,199107,7,1740,199107,7,1740,10052469,MICHIGAN,1991,Thunderstorm Wind,C,81,07-JUL-91 17:40:00,CST,07-JUL-91 17:40:00,0,0,0,0,0,0,0.0,0.0,0,0,0,42.97,-85.68,1991,7
5400,199107,7,1740,199107,7,1740,10052470,MICHIGAN,1991,Thunderstorm Wind,C,45,07-JUL-91 17:40:00,CST,07-JUL-91 17:40:00,0,0,0,0,0,0,62.0,0.0,0,0,0,42.57,-84.82,1991,7
5401,199107,7,1745,199107,7,1745,10052471,MICHIGAN,1991,Tornado,C,81,07-JUL-91 17:45:00,EST,07-JUL-91 17:45:00,0,0,0,0,2.5K,0,0.0,0.5,50,0,0,43.15,-85.43,1991,7
5486,199107,7,1750,199107,7,1750,10052472,MICHIGAN,1991,Thunderstorm Wind,C,25,07-JUL-91 17:50:00,CST,07-JUL-91 17:50:00,0,0,0,0,0,0,52.0,0.0,0,0,0,42.1,-84.98,1991,7
5487,199107,7,1750,199107,7,1750,10052473,MICHIGAN,1991,Thunderstorm Wind,C,37,07-JUL-91 17:50:00,CST,07-JUL-91 17:50:00,0,0,0,0,0,0,62.0,0.0,0,0,0,43.0,-84.57,1991,7
5488,199107,7,1753,199107,7,1753,10052474,MICHIGAN,1991,Thunderstorm Wind,C,27,07-JUL-91 17:53:00,CST,07-JUL-91 17:53:00,0,0,0,0,0,0,53.0,0.0,0,0,0,41.78,-85.87,1991,7
5489,199107,7,1755,199107,7,1755,10052475,MICHIGAN,1991,Thunderstorm Wind,C,45,07-JUL-91 17:55:00,CST,07-JUL-91 17:55:00,0,0,0,0,0,0,62.0,0.0,0,0,0,42.52,-84.65,1991,7
5490,199107,7,1755,199107,7,1755,10052476,MICHIGAN,1991,Thunderstorm Wind,C,155,07-JUL-91 17:55:00,CST,07-JUL-91 17:55:00,0,0,0,0,0,0,0.0,0.0,0,0,0,43.0,-84.17,1991,7
5491,199107,7,1800,199107,7,1800,10052477,MICHIGAN,1991,Thunderstorm Wind,C,155,07-JUL-91 18:00:00,CST,07-JUL-91 18:00:00,0,0,0,0,0,0,0.0,0.0,0,0,0,43.12,-83.97,1991,7
5492,199107,7,1800,199107,7,1800,10052478,MICHIGAN,1991,Thunderstorm Wind,C,25,07-JUL-91 18:00:00,CST,07-JUL-91 18:00:00,0,0,0,0,0,0,0.0,0.0,0,0,0,42.27,-84.95,1991,7
5493,199107,7,1800,199107,7,1800,10052479,MICHIGAN,1991,Thunderstorm Wind,C,27,07-JUL-91 18:00:00,CST,07-JUL-91 18:00:00,0,0,0,0,0,0,53.0,0.0,0,0,0,42.03,-85.82,1991,7
5494,199107,7,1805,199107,7,1805,10052480,MICHIGAN,1991,Tornado,C,65,07-JUL-91 18:05:00,EST,07-JUL-91 18:05:00,0,0,0,0,2.5K,0,0.0,0.2,10,0,0,42.7,-84.47,1991,7
5495,199107,7,1805,199107,7,1805,10052481,MICHIGAN,1991,Thunderstorm Wind,C,75,07-JUL-91 18:05:00,CST,07-JUL-91 18:05:00,0,0,0,0,0,0,62.0,0.0,0,0,0,42.2,-84.55,1991,7
5496,199107,7,1805,199107,7,1805,10052482,MICHIGAN,1991,Thunderstorm Wind,C,145,07-JUL-91 18:05:00,CST,07-JUL-91 18:05:00,0,0,0,0,0,0,0.0,0.0,0,0,0,43.18,-84.12,1991,7
5497,199107,7,1805,199107,7,1805,10052483,MICHIGAN,1991,Thunderstorm Wind,C,155,07-JUL-91 18:05:00,CST,07-JUL-91 18:05:00,0,0,0,0,0,0,0.0,0.0,0,0,0,42.92,-83.98,1991,7
5498,199107,7,1807,199107,7,1807,10052484,MICHIGAN,1991,Thunderstorm Wind,C,149,07-JUL-91 18:07:00,CST,07-JUL-91 18:07:00,0,0,0,0,0,0,0.0,0.0,0,0,0,41.93,-85.63,1991,7
5499,199107,7,1810,199107,7,1810,10052485,MICHIGAN,1991,Thunderstorm Wind,C,111,07-JUL-91 18:10:00,CST,07-JUL-91 18:10:00,0,0,0,0,0,0,0.0,0.0,0,0,0,43.62,-84.23,1991,7
5500,199107,7,1810,199107,7,1810,10052486,MICHIGAN,1991,Thunderstorm Wind,C,49,07-JUL-91 18:10:00,CST,07-JUL-91 18:10:00,0,0,0,0,0,0,0.0,0.0,0,0,0,42.95,-83.82,1991,7
5501,199107,7,1811,199107,7,1811,10052487,MICHIGAN,1991,Thunderstorm Wind,C,93,07-JUL-91 18:11:00,CST,07-JUL-91 18:11:00,0,0,0,0,0,0,61.0,0.0,0,0,0,42.67,-84.07,1991,7
5502,199107,7,1815,199107,7,1815,10052488,MICHIGAN,1991,Thunderstorm Wind,C,25,07-JUL-91 18:15:00,CST,07-JUL-91 18:15:00,0,0,0,0,0,0,0.0,0.0,0,0,0,42.27,-84.95,1991,7
5503,199107,7,1815,199107,7,1815,10052489,MICHIGAN,1991,Thunderstorm Wind,C,23,07-JUL-91 18:15:00,CST,07-JUL-91 18:15:00,0,0,0,0,0,0,52.0,0.0,0,0,0,42.07,-85.13,1991,7
5504,199107,7,1815,199107,7,1815,10052490,MICHIGAN,1991,Thunderstorm Wind,C,145,07-JUL-91 18:15:00,CST,07-JUL-91 18:15:00,0,0,0,0,0,0,0.0,0.0,0,0,0,43.52,-84.12,1991,7
5505,199107,7,1820,199107,7,1820,10052491,MICHIGAN,1991,Thunderstorm Wind,C,49,07-JUL-91 18:20:00,CST,07-JUL-91 18:20:00,0,0,0,0,0,0,0.0,0.0,0,0,0,42.92,-83.62,1991,7
5506,199107,7,1820,199107,7,1820,10052492,MICHIGAN,1991,Thunderstorm Wind,C,75,07-JUL-91 18:20:00,CST,07-JUL-91 18:20:00,0,0,0,0,0,0,0.0,0.0,0,0,0,42.25,-84.43,1991,7
5507,199107,7,1825,199107,7,1825,10052493,MICHIGAN,1991,Thunderstorm Wind,C,17,07-JUL-91 18:25:00,CST,07-JUL-91 18:25:00,0,0,0,0,0,0,0.0,0.0,0,0,0,43.6,-83.88,1991,7
5508,199107,7,1825,199107,7,1825,10052494,MICHIGAN,1991,Thunderstorm Wind,C,161,07-JUL-91 18:25:00,CST,07-JUL-91 18:25:00,0,0,0,0,0,0,52.0,0.0,0,0,0,42.32,-84.02,1991,7
5509,199107,7,1830,199107,7,1830,10052495,MICHIGAN,1991,Thunderstorm Wind,C,125,07-JUL-91 18:30:00,CST,07-JUL-91 18:30:00,0,0,0,0,0,0,0.0,0.0,0,0,0,42.73,-83.4,1991,7
5510,199107,7,1830,199107,7,1830,10052496,MICHIGAN,1991,Thunderstorm Wind,C,93,07-JUL-91 18:30:00,CST,07-JUL-91 18:30:00,0,0,0,0,0,0,52.0,0.0,0,0,0,42.53,-83.77,1991,7
5612,199105,31,1840,199105,31,1840,10052865,MICHIGAN,1991,Thunderstorm Wind,C,147,31-MAY-91 18:40:00,CST,31-MAY-91 18:40:00,0,0,0,0,0,0,52.0,0.0,0,0,0,42.72,-82.48,1991,5
5613,199106,14,1550,199106,14,1550,10052867,MICHIGAN,1991,Thunderstorm Wind,C,75,14-JUN-91 15:50:00,CST,14-JUN-91 15:50:00,1,0,0,0,0,0,52.0,0.0,0,0,0,42.25,-84.42,1991,6
5796,199103,27,1715,199103,27,1715,10054180,MICHIGAN,1991,Hail,C,139,27-MAR-91 17:15:00,CST,27-MAR-91 17:15:00,0,0,0,0,0,0,2.75,0.0,0,0,0,42.83,-86.22,1991,3
5797,199103,21,2248,199103,21,2248,10054163,MICHIGAN,1991,Hail,C,5,21-MAR-91 22:48:00,CST,21-MAR-91 22:48:00,0,0,0,0,0,0,1.5,0.0,0,0,0,42.47,-85.68,1991,3
5798,199103,21,2315,199103,21,2315,10054164,MICHIGAN,1991,Hail,C,45,21-MAR-91 23:15:00,CST,21-MAR-91 23:15:00,0,0,0,0,0,0,1.75,0.0,0,0,0,42.48,-84.93,1991,3
5799,199103,22,2225,199103,22,2225,10054165,MICHIGAN,1991,Hail,C,21,22-MAR-91 22:25:00,CST,22-MAR-91 22:25:00,0,0,0,0,0,0,0.75,0.0,0,0,0,41.92,-86.25,1991,3
5800,199103,22,2230,199103,22,2230,10054166,MICHIGAN,1991,Hail,C,27,22-MAR-91 22:30:00,CST,22-MAR-91 22:30:00,0,0,0,0,0,0,0.75,0.0,0,0,0,41.92,-86.0,1991,3
5801,199103,26,2257,199103,26,2257,10054167,MICHIGAN,1991,Hail,C,145,26-MAR-91 22:57:00,CST,26-MAR-91 22:57:00,0,0,0,0,0,0,0.75,0.0,0,0,0,43.53,-84.08,1991,3
5802,199103,27,245,199103,27,245,10054168,MICHIGAN,1991,Hail,C,21,27-MAR-91 02:45:00,CST,27-MAR-91 02:45:00,0,0,0,0,0,0,0.75,0.0,0,0,0,41.98,-86.3,1991,3
5803,199103,27,335,199103,27,335,10054169,MICHIGAN,1991,Hail,C,25,27-MAR-91 03:35:00,CST,27-MAR-91 03:35:00,0,0,0,0,0,0,1.75,0.0,0,0,0,42.25,-84.75,1991,3
5804,199103,27,435,199103,27,435,10054170,MICHIGAN,1991,Hail,C,25,27-MAR-91 04:35:00,CST,27-MAR-91 04:35:00,0,0,0,0,0,0,1.75,0.0,0,0,0,42.25,-84.75,1991,3
5805,199103,27,1615,199103,27,1615,10054171,MICHIGAN,1991,Hail,C,55,27-MAR-91 16:15:00,CST,27-MAR-91 16:15:00,0,0,0,0,0,0,0.75,0.0,0,0,0,44.77,-85.67,1991,3
5806,199103,27,1625,199103,27,1625,10054172,MICHIGAN,1991,Thunderstorm Wind,C,121,27-MAR-91 16:25:00,CST,27-MAR-91 16:25:00,0,0,0,0,0,0,61.0,0.0,0,0,0,43.23,-86.23,1991,3
5807,199103,27,1646,199103,27,1646,10054173,MICHIGAN,1991,Hail,C,121,27-MAR-91 16:46:00,CST,27-MAR-91 16:46:00,0,0,0,0,0,0,0.75,0.0,0,0,0,43.23,-86.23,1991,3
5821,199104,9,1503,199104,9,1503,10051664,MICHIGAN,1991,Hail,C,161,09-APR-91 15:03:00,CST,09-APR-91 15:03:00,0,0,0,0,0,0,0.75,0.0,0,0,0,42.23,-83.62,1991,4
5822,199104,9,1505,199104,9,1505,10051665,MICHIGAN,1991,Hail,C,93,09-APR-91 15:05:00,CST,09-APR-91 15:05:00,0,0,0,0,0,0,0.75,0.0,0,0,0,42.67,-84.07,1991,4
6068,199107,7,1653,199107,7,1653,10052456,MICHIGAN,1991,Thunderstorm Wind,C,81,07-JUL-91 16:53:00,CST,07-JUL-91 16:53:00,0,0,0,0,0,0,73.0,0.0,0,0,0,42.97,-85.68,1991,7
6069,199107,7,1658,199107,7,1658,10052457,MICHIGAN,1991,Thunderstorm Wind,C,81,07-JUL-91 16:58:00,CST,07-JUL-91 16:58:00,0,0,0,0,0,0,55.0,0.0,0,0,0,43.13,-85.55,1991,7
6070,199107,7,1700,199107,7,1700,10052458,MICHIGAN,1991,Thunderstorm Wind,C,139,07-JUL-91 17:00:00,CST,07-JUL-91 17:00:00,0,0,0,0,0,0,57.0,0.0,0,0,0,42.95,-86.0,1991,7
6089,199107,6,1645,199107,6,1645,10052224,MICHIGAN,1991,Hail,C,7,06-JUL-91 16:45:00,CST,06-JUL-91 16:45:00,0,0,0,0,0,0,1.75,0.0,0,0,0,45.07,-83.45,1991,7
6090,199107,3,1314,199107,3,1314,10053125,MICHIGAN,1991,Thunderstorm Wind,C,65,03-JUL-91 13:14:00,CST,03-JUL-91 13:14:00,0,0,0,0,0,0,0.0,0.0,0,0,0,42.75,-84.38,1991,7
6091,199107,3,1325,199107,3,1325,10053126,MICHIGAN,1991,Hail,C,63,03-JUL-91 13:25:00,CST,03-JUL-91 13:25:00,0,0,0,0,0,0,0.75,0.0,0,0,0,44.05,-83.0,1991,7
6194,199107,6,1945,199107,6,1945,10052225,MICHIGAN,1991,Hail,C,139,06-JUL-91 19:45:00,CST,06-JUL-91 19:45:00,0,0,0,0,0,0,1.75,0.0,0,0,0,42.78,-86.23,1991,7
6213,199107,6,2030,199107,6,2030,10052226,MICHIGAN,1991,Hail,C,67,06-JUL-91 20:30:00,CST,06-JUL-91 20:30:00,0,0,0,0,0,0,1.75,0.0,0,0,0,42.93,-85.28,1991,7
6543,199107,7,1908,199107,7,1908,10053361,MICHIGAN,1991,Thunderstorm Wind,C,99,07-JUL-91 19:08:00,CST,07-JUL-91 19:08:00,0,0,0,0,0,0,52.0,0.0,0,0,0,42.9,-82.75,1991,7
6544,199107,7,1915,199107,7,1915,10053362,MICHIGAN,1991,Thunderstorm Wind,C,161,07-JUL-91 19:15:00,CST,07-JUL-91 19:15:00,0,0,0,0,0,0,52.0,0.0,0,0,0,42.25,-83.83,1991,7
6545,199107,7,1915,199107,7,1915,10053363,MICHIGAN,1991,Thunderstorm Wind,C,93,07-JUL-91 19:15:00,CST,07-JUL-91 19:15:00,0,0,0,0,0,0,61.0,0.0,0,0,0,42.62,-83.92,1991,7
7194,199107,7,1835,199107,7,1835,10052497,MICHIGAN,1991,Thunderstorm Wind,C,59,07-JUL-91 18:35:00,CST,07-JUL-91 18:35:00,0,0,0,0,0,0,52.0,0.0,0,0,0,41.88,-84.57,1991,7
9542,199104,9,1445,199104,9,1445,10051663,MICHIGAN,1991,Hail,C,65,09-APR-91 14:45:00,CST,09-APR-91 14:45:00,0,0,0,0,0,0,2.0,0.0,0,0,0,42.55,-84.25,1991,4
9693,199103,27,1845,199103,27,1845,10055298,MICHIGAN,1991,Thunderstorm Wind,C,37,27-MAR-91 18:45:00,CST,27-MAR-91 18:45:00,0,0,0,0,0,0,52.0,0.0,0,0,0,42.78,-84.58,1991,3
9784,199106,15,1610,199106,15,1610,10053099,MICHIGAN,1991,Thunderstorm Wind,C,87,15-JUN-91 16:10:00,CST,15-JUN-91 16:10:00,0,0,0,0,0,0,0.0,0.0,0,0,0,43.05,-83.32,1991,6
9854,199105,28,1645,199105,28,1645,10051972,MICHIGAN,1991,Hail,C,143,28-MAY-91 16:45:00,CST,28-MAY-91 16:45:00,0,0,0,0,0,0,0.75,0.0,0,0,0,44.4,-84.75,1991,5
9855,199105,30,1925,199105,30,1925,10052005,MICHIGAN,1991,Thunderstorm Wind,C,21,30-MAY-91 19:25:00,CST,30-MAY-91 19:25:00,0,0,0,0,0,0,0.0,0.0,0,0,0,42.18,-86.3,1991,5
9856,199103,27,1810,199103,27,1810,10054205,MICHIGAN,1991,Thunderstorm Wind,C,133,27-MAR-91 18:10:00,CST,27-MAR-91 18:10:00,0,0,0,0,0,0,0.0,0.0,0,0,0,43.88,-85.5,1991,3
9911,199107,7,2055,199107,7,2055,10053588,MICHIGAN,1991,Thunderstorm Wind,C,25,07-JUL-91 20:55:00,CST,07-JUL-91 20:55:00,0,0,0,0,0,0,0.0,0.0,0,0,0,42.27,-85.05,1991,7
9912,199108,17,1715,199108,17,1715,10053609,MICHIGAN,1991,Tornado,C,155,17-AUG-91 17:15:00,EST,17-AUG-91 17:15:00,0,0,0,0,2.5K,0,0.0,0.5,20,0,0,43.13,-83.97,1991,8
9913,199106,15,1330,199106,15,1330,10053084,MICHIGAN,1991,Thunderstorm Wind,C,77,15-JUN-91 13:30:00,CST,15-JUN-91 13:30:00,0,0,0,0,0,0,0.0,0.0,0,0,0,42.23,-85.33,1991,6
9944,199105,29,515,199105,29,515,10051989,MICHIGAN,1991,Thunderstorm Wind,C,165,29-MAY-91 05:15:00,CST,29-MAY-91 05:15:00,0,0,0,0,0,0,0.0,0.0,0,0,0,44.4,-85.7,1991,5
9974,199104,9,1417,199104,9,1417,10055343,MICHIGAN,1991,Hail,C,91,09-APR-91 14:17:00,CST,09-APR-91 14:17:00,0,0,0,0,0,0,0.75,0.0,0,0,0,42.0,-84.18,1991,4
10187,199106,11,1436,199106,11,1436,10052866,MICHIGAN,1991,Thunderstorm Wind,C,161,11-JUN-91 14:36:00,CST,11-JUN-91 14:36:00,0,0,0,0,0,0,50.0,0.0,0,0,0,42.22,-83.73,1991,6
10188,199108,17,1715,199108,17,1715,10053608,MICHIGAN,1991,Tornado,C,155,17-AUG-91 17:15:00,EST,17-AUG-91 17:15:00,0,0,0,0,0K,0,0.0,6.0,13,0,0,43.08,-84.07,1991,8
10189,199109,9,2000,199109,9,2000,10053620,MICHIGAN,1991,Thunderstorm Wind,C,9,09-SEP-91 20:00:00,CST,09-SEP-91 20:00:00,0,0,0,0,0,0,0.0,0.0,0,0,0,45.02,-85.2,1991,9
10395,199105,13,1415,199105,13,1415,10051954,MICHIGAN,1991,Thunderstorm Wind,C,91,13-MAY-91 14:15:00,CST,13-MAY-91 14:15:00,0,0,0,0,0,0,52.0,0.0,0,0,0,41.9,-84.03,1991,5
10396,199103,27,1702,199103,27,1702,10054177,MICHIGAN,1991,Tornado,C,107,27-MAR-91 17:02:00,EST,27-MAR-91 17:02:00,0,0,0,0,2.5K,0,0.0,1.0,20,0,0,43.7,-85.48,1991,3
